,date,value
0,2023-12-01,306.746
1,2023-11-01,307.051
2,2023-10-01,307.671
3,2023-09-01,307.789
4,2023-08-01,307.026
5,2023-07-01,305.691
6,2023-06-01,305.109
7,2023-05-01,304.127
8,2023-04-01,303.363
9,2023-03-01,301.836
10,2023-02-01,300.84
11,2023-01-01,299.17
12,2022-12-01,296.797
13,2022-11-01,297.711
14,2022-10-01,298.012
15,2022-09-01,296.808
16,2022-08-01,296.171
17,2022-07-01,296.276
18,2022-06-01,296.311
19,2022-05-01,292.296
20,2022-04-01,289.109
21,2022-03-01,287.504
22,2022-02-01,283.716
23,2022-01-01,281.148
24,2021-12-01,278.802
25,2021-11-01,277.948
26,2021-10-01,276.589
27,2021-09-01,274.31
28,2021-08-01,273.567
29,2021-07-01,273.003
30,2021-06-01,271.696
31,2021-05-01,269.195
32,2021-04-01,267.054
33,2021-03-01,264.877
34,2021-02-01,263.014
35,2021-01-01,261.582
36,2020-12-01,260.474
37,2020-11-01,260.229
38,2020-10-01,260.388
39,2020-09-01,260.28
40,2020-08-01,259.918
41,2020-07-01,259.101
42,2020-06-01,257.797
43,2020-05-01,256.394
44,2020-04-01,256.389
45,2020-03-01,258.115
46,2020-02-01,258.678
47,2020-01-01,257.971
48,2019-12-01,256.974
49,2019-11-01,257.208
50,2019-10-01,257.346
51,2019-09-01,256.759
52,2019-08-01,256.558
53,2019-07-01,256.571
54,2019-06-01,256.143
55,2019-05-01,256.092
56,2019-04-01,255.548
57,2019-03-01,254.202
58,2019-02-01,252.776
59,2019-01-01,251.712
60,2018-12-01,251.233
61,2018-11-01,252.038
62,2018-10-01,252.885
63,2018-09-01,252.439
64,2018-08-01,252.146
65,2018-07-01,252.006
66,2018-06-01,251.989
67,2018-05-01,251.588
68,2018-04-01,250.546
69,2018-03-01,249.554
70,2018-02-01,248.991
71,2018-01-01,247.867
72,2017-12-01,246.524
73,2017-11-01,246.669
74,2017-10-01,246.663
75,2017-09-01,246.819
76,2017-08-01,245.519
77,2017-07-01,244.786
78,2017-06-01,244.955
79,2017-05-01,244.733
80,2017-04-01,244.524
81,2017-03-01,243.801
82,2017-02-01,243.603
83,2017-01-01,242.839
84,2016-12-01,241.432
85,2016-11-01,241.353
86,2016-10-01,241.729
87,2016-09-01,241.428
88,2016-08-01,240.849
89,2016-07-01,240.628
90,2016-06-01,241.018
91,2016-05-01,240.229
92,2016-04-01,239.261
93,2016-03-01,238.132
94,2016-02-01,237.111
95,2016-01-01,236.916
96,2015-12-01,236.525
97,2015-11-01,237.336
98,2015-10-01,237.838
99,2015-09-01,237.945
100,2015-08-01,238.316
101,2015-07-01,238.654
102,2015-06-01,238.638
103,2015-05-01,237.805
104,2015-04-01,236.599
105,2015-03-01,236.119
106,2015-02-01,234.722
107,2015-01-01,233.707
108,2014-12-01,234.812
109,2014-11-01,236.151
110,2014-10-01,237.433
111,2014-09-01,238.031
112,2014-08-01,237.852
113,2014-07-01,238.25
114,2014-06-01,238.343
115,2014-05-01,237.9
116,2014-04-01,237.072
117,2014-03-01,236.293
118,2014-02-01,234.781
119,2014-01-01,233.916
120,2013-12-01,233.049
121,2013-11-01,233.069
122,2013-10-01,233.546
123,2013-09-01,234.149
124,2013-08-01,233.877
125,2013-07-01,233.596
126,2013-06-01,233.504
127,2013-05-01,232.945
128,2013-04-01,232.531
129,2013-03-01,232.773
130,2013-02-01,232.166
131,2013-01-01,230.28
132,2012-12-01,229.601
133,2012-11-01,230.221
134,2012-10-01,231.317
135,2012-09-01,231.407
136,2012-08-01,230.379
137,2012-07-01,229.104
138,2012-06-01,229.478
139,2012-05-01,229.815
140,2012-04-01,230.085
141,2012-03-01,229.392
142,2012-02-01,227.663
143,2012-01-01,226.665
144,2011-12-01,225.672
145,2011-11-01,226.23
146,2011-10-01,226.421
147,2011-09-01,226.889
148,2011-08-01,226.545
149,2011-07-01,225.922
150,2011-06-01,225.722
151,2011-05-01,225.964
152,2011-04-01,224.906
153,2011-03-01,223.467
154,2011-02-01,221.309
155,2011-01-01,220.223
156,2010-12-01,219.179
157,2010-11-01,218.803
158,2010-10-01,218.711
159,2010-09-01,218.439
160,2010-08-01,218.312
161,2010-07-01,218.011
162,2010-06-01,217.965
163,2010-05-01,218.178
164,2010-04-01,218.009
165,2010-03-01,217.631
166,2010-02-01,216.741
167,2010-01-01,216.687
168,2009-12-01,215.949
169,2009-11-01,216.33
170,2009-10-01,216.177
171,2009-09-01,215.969
172,2009-08-01,215.834
173,2009-07-01,215.351
174,2009-06-01,215.693
175,2009-05-01,213.856
176,2009-04-01,213.24
177,2009-03-01,212.709
178,2009-02-01,212.193
179,2009-01-01,211.143
180,2008-12-01,210.228
181,2008-11-01,212.425
182,2008-10-01,216.573
183,2008-09-01,218.783
184,2008-08-01,219.086
185,2008-07-01,219.964
186,2008-06-01,218.815
187,2008-05-01,216.632
188,2008-04-01,214.823
189,2008-03-01,213.528
190,2008-02-01,211.693
191,2008-01-01,211.08
192,2007-12-01,210.036
193,2007-11-01,210.177
194,2007-10-01,208.936
195,2007-09-01,208.49
196,2007-08-01,207.917
197,2007-07-01,208.299
198,2007-06-01,208.352
199,2007-05-01,207.949
200,2007-04-01,206.686
201,2007-03-01,205.352
202,2007-02-01,203.499
203,2007-01-01,202.416
204,2006-12-01,201.8
205,2006-11-01,201.5
206,2006-10-01,201.8
207,2006-09-01,202.9
208,2006-08-01,203.9
209,2006-07-01,203.5
210,2006-06-01,202.9
211,2006-05-01,202.5
212,2006-04-01,201.5
213,2006-03-01,199.8
214,2006-02-01,198.7
215,2006-01-01,198.3
216,2005-12-01,196.8
217,2005-11-01,197.6
218,2005-10-01,199.2
219,2005-09-01,198.8
220,2005-08-01,196.4
221,2005-07-01,195.4
222,2005-06-01,194.5
223,2005-05-01,194.4
224,2005-04-01,194.6
225,2005-03-01,193.3
226,2005-02-01,191.8
227,2005-01-01,190.7
228,2004-12-01,190.3
229,2004-11-01,191.0
230,2004-10-01,190.9
231,2004-09-01,189.9
232,2004-08-01,189.5
233,2004-07-01,189.4
234,2004-06-01,189.7
235,2004-05-01,189.1
236,2004-04-01,188.0
237,2004-03-01,187.4
238,2004-02-01,186.2
239,2004-01-01,185.2
240,2003-12-01,184.3
241,2003-11-01,184.5
242,2003-10-01,185.0
243,2003-09-01,185.2
244,2003-08-01,184.6
245,2003-07-01,183.9
246,2003-06-01,183.7
247,2003-05-01,183.5
248,2003-04-01,183.8
249,2003-03-01,184.2
250,2003-02-01,183.1
251,2003-01-01,181.7
252,2002-12-01,180.9
253,2002-11-01,181.3
254,2002-10-01,181.3
255,2002-09-01,181.0
256,2002-08-01,180.7
257,2002-07-01,180.1
258,2002-06-01,179.9
259,2002-05-01,179.8
260,2002-04-01,179.8
261,2002-03-01,178.8
262,2002-02-01,177.8
263,2002-01-01,177.1
264,2001-12-01,176.7
265,2001-11-01,177.4
266,2001-10-01,177.7
267,2001-09-01,178.3
268,2001-08-01,177.5
269,2001-07-01,177.5
270,2001-06-01,178.0
271,2001-05-01,177.7
272,2001-04-01,176.9
273,2001-03-01,176.2
274,2001-02-01,175.8
275,2001-01-01,175.1
276,2000-12-01,174.0
277,2000-11-01,174.1
278,2000-10-01,174.0
279,2000-09-01,173.7
280,2000-08-01,172.8
281,2000-07-01,172.8
282,2000-06-01,172.4
283,2000-05-01,171.5
284,2000-04-01,171.3
285,2000-03-01,171.2
286,2000-02-01,169.8
287,2000-01-01,168.8
288,1999-12-01,168.3
289,1999-11-01,168.3
290,1999-10-01,168.2
291,1999-09-01,167.9
292,1999-08-01,167.1
293,1999-07-01,166.7
294,1999-06-01,166.2
295,1999-05-01,166.2
296,1999-04-01,166.2
297,1999-03-01,165.0
298,1999-02-01,164.5
299,1999-01-01,164.3
300,1998-12-01,163.9
301,1998-11-01,164.0
302,1998-10-01,164.0
303,1998-09-01,163.6
304,1998-08-01,163.4
305,1998-07-01,163.2
306,1998-06-01,163.0
307,1998-05-01,162.8
308,1998-04-01,162.5
309,1998-03-01,162.2
310,1998-02-01,161.9
311,1998-01-01,161.6
312,1997-12-01,161.3
313,1997-11-01,161.5
314,1997-10-01,161.6
315,1997-09-01,161.2
316,1997-08-01,160.8
317,1997-07-01,160.5
318,1997-06-01,160.3
319,1997-05-01,160.1
320,1997-04-01,160.2
321,1997-03-01,160.0
322,1997-02-01,159.6
323,1997-01-01,159.1
324,1996-12-01,158.6
325,1996-11-01,158.6
326,1996-10-01,158.3
327,1996-09-01,157.8
328,1996-08-01,157.3
329,1996-07-01,157.0
330,1996-06-01,156.7
331,1996-05-01,156.6
332,1996-04-01,156.3
333,1996-03-01,155.7
334,1996-02-01,154.9
335,1996-01-01,154.4
336,1995-12-01,153.5
337,1995-11-01,153.6
338,1995-10-01,153.7
339,1995-09-01,153.2
340,1995-08-01,152.9
341,1995-07-01,152.5
342,1995-06-01,152.5
343,1995-05-01,152.2
344,1995-04-01,151.9
345,1995-03-01,151.4
346,1995-02-01,150.9
347,1995-01-01,150.3
348,1994-12-01,149.7
349,1994-11-01,149.7
350,1994-10-01,149.5
351,1994-09-01,149.4
352,1994-08-01,149.0
353,1994-07-01,148.4
354,1994-06-01,148.0
355,1994-05-01,147.5
356,1994-04-01,147.4
357,1994-03-01,147.2
358,1994-02-01,146.7
359,1994-01-01,146.2
360,1993-12-01,145.8
361,1993-11-01,145.8
362,1993-10-01,145.7
363,1993-09-01,145.1
364,1993-08-01,144.8
365,1993-07-01,144.4
366,1993-06-01,144.4
367,1993-05-01,144.2
368,1993-04-01,144.0
369,1993-03-01,143.6
370,1993-02-01,143.1
371,1993-01-01,142.6
372,1992-12-01,141.9
373,1992-11-01,142.0
374,1992-10-01,141.8
375,1992-09-01,141.3
376,1992-08-01,140.9
377,1992-07-01,140.5
378,1992-06-01,140.2
379,1992-05-01,139.7
380,1992-04-01,139.5
381,1992-03-01,139.3
382,1992-02-01,138.6
383,1992-01-01,138.1
384,1991-12-01,137.9
385,1991-11-01,137.8
386,1991-10-01,137.4
387,1991-09-01,137.2
388,1991-08-01,136.6
389,1991-07-01,136.2
390,1991-06-01,136.0
391,1991-05-01,135.6
392,1991-04-01,135.2
393,1991-03-01,135.0
394,1991-02-01,134.8
395,1991-01-01,134.6
396,1990-12-01,133.8
397,1990-11-01,133.8
398,1990-10-01,133.5
399,1990-09-01,132.7
400,1990-08-01,131.6
401,1990-07-01,130.4
402,1990-06-01,129.9
403,1990-05-01,129.2
404,1990-04-01,128.9
405,1990-03-01,128.7
406,1990-02-01,128.0
407,1990-01-01,127.4
408,1989-12-01,126.1
409,1989-11-01,125.9
410,1989-10-01,125.6
411,1989-09-01,125.0
412,1989-08-01,124.6
413,1989-07-01,124.4
414,1989-06-01,124.1
415,1989-05-01,123.8
416,1989-04-01,123.1
417,1989-03-01,122.3
418,1989-02-01,121.6
419,1989-01-01,121.1
420,1988-12-01,120.5
421,1988-11-01,120.3
422,1988-10-01,120.2
423,1988-09-01,119.8
424,1988-08-01,119.0
425,1988-07-01,118.5
426,1988-06-01,118.0
427,1988-05-01,117.5
428,1988-04-01,117.1
429,1988-03-01,116.5
430,1988-02-01,116.0
431,1988-01-01,115.7
432,1987-12-01,115.4
433,1987-11-01,115.4
434,1987-10-01,115.3
435,1987-09-01,115.0
436,1987-08-01,114.4
437,1987-07-01,113.8
438,1987-06-01,113.5
439,1987-05-01,113.1
440,1987-04-01,112.7
441,1987-03-01,112.1
442,1987-02-01,111.6
443,1987-01-01,111.2
444,1986-12-01,110.5
445,1986-11-01,110.4
446,1986-10-01,110.3
447,1986-09-01,110.2
448,1986-08-01,109.7
449,1986-07-01,109.5
450,1986-06-01,109.5
451,1986-05-01,108.9
452,1986-04-01,108.6
453,1986-03-01,108.8
454,1986-02-01,109.3
455,1986-01-01,109.6
456,1985-12-01,109.3
457,1985-11-01,109.0
458,1985-10-01,108.7
459,1985-09-01,108.3
460,1985-08-01,108.0
461,1985-07-01,107.8
462,1985-06-01,107.6
463,1985-05-01,107.3
464,1985-04-01,106.9
465,1985-03-01,106.4
466,1985-02-01,106.0
467,1985-01-01,105.5
468,1984-12-01,105.3
469,1984-11-01,105.3
470,1984-10-01,105.3
471,1984-09-01,105.0
472,1984-08-01,104.5
473,1984-07-01,104.1
474,1984-06-01,103.7
475,1984-05-01,103.4
476,1984-04-01,103.1
477,1984-03-01,102.6
478,1984-02-01,102.4
479,1984-01-01,101.9
480,1983-12-01,101.3
481,1983-11-01,101.2
482,1983-10-01,101.0
483,1983-09-01,100.7
484,1983-08-01,100.2
485,1983-07-01,99.9
486,1983-06-01,99.5
487,1983-05-01,99.2
488,1983-04-01,98.6
489,1983-03-01,97.9
490,1983-02-01,97.9
491,1983-01-01,97.8
492,1982-12-01,97.6
493,1982-11-01,98.0
494,1982-10-01,98.2
495,1982-09-01,97.9
496,1982-08-01,97.7
497,1982-07-01,97.5
498,1982-06-01,97.0
499,1982-05-01,95.8
500,1982-04-01,94.9
501,1982-03-01,94.5
502,1982-02-01,94.6
503,1982-01-01,94.3
504,1981-12-01,94.0
505,1981-11-01,93.7
506,1981-10-01,93.4
507,1981-09-01,93.2
508,1981-08-01,92.3
509,1981-07-01,91.6
510,1981-06-01,90.6
511,1981-05-01,89.8
512,1981-04-01,89.1
513,1981-03-01,88.5
514,1981-02-01,87.9
515,1981-01-01,87.0
516,1980-12-01,86.3
517,1980-11-01,85.5
518,1980-10-01,84.8
519,1980-09-01,84.0
520,1980-08-01,83.3
521,1980-07-01,82.7
522,1980-06-01,82.7
523,1980-05-01,81.8
524,1980-04-01,81.0
525,1980-03-01,80.1
526,1980-02-01,78.9
527,1980-01-01,77.8
528,1979-12-01,76.7
529,1979-11-01,75.9
530,1979-10-01,75.2
531,1979-09-01,74.6
532,1979-08-01,73.8
533,1979-07-01,73.1
534,1979-06-01,72.3
535,1979-05-01,71.5
536,1979-04-01,70.6
537,1979-03-01,69.8
538,1979-02-01,69.1
539,1979-01-01,68.3
540,1978-12-01,67.7
541,1978-11-01,67.4
542,1978-10-01,67.1
543,1978-09-01,66.5
544,1978-08-01,66.0
545,1978-07-01,65.7
546,1978-06-01,65.2
547,1978-05-01,64.5
548,1978-04-01,63.9
549,1978-03-01,63.4
550,1978-02-01,62.9
551,1978-01-01,62.5
552,1977-12-01,62.1
553,1977-11-01,61.9
554,1977-10-01,61.6
555,1977-09-01,61.4
556,1977-08-01,61.2
557,1977-07-01,61.0
558,1977-06-01,60.7
559,1977-05-01,60.3
560,1977-04-01,60.0
561,1977-03-01,59.5
562,1977-02-01,59.1
563,1977-01-01,58.5
564,1976-12-01,58.2
565,1976-11-01,58.0
566,1976-10-01,57.9
567,1976-09-01,57.6
568,1976-08-01,57.4
569,1976-07-01,57.1
570,1976-06-01,56.8
571,1976-05-01,56.5
572,1976-04-01,56.1
573,1976-03-01,55.9
574,1976-02-01,55.8
575,1976-01-01,55.6
576,1975-12-01,55.5
577,1975-11-01,55.3
578,1975-10-01,54.9
579,1975-09-01,54.6
580,1975-08-01,54.3
581,1975-07-01,54.2
582,1975-06-01,53.6
583,1975-05-01,53.2
584,1975-04-01,52.9
585,1975-03-01,52.7
586,1975-02-01,52.5
587,1975-01-01,52.1
588,1974-12-01,51.9
589,1974-11-01,51.5
590,1974-10-01,51.1
591,1974-09-01,50.6
592,1974-08-01,50.0
593,1974-07-01,49.4
594,1974-06-01,49.0
595,1974-05-01,48.6
596,1974-04-01,48.0
597,1974-03-01,47.8
598,1974-02-01,47.2
599,1974-01-01,46.6
600,1973-12-01,46.2
601,1973-11-01,45.9
602,1973-10-01,45.6
603,1973-09-01,45.2
604,1973-08-01,45.1
605,1973-07-01,44.3
606,1973-06-01,44.2
607,1973-05-01,43.9
608,1973-04-01,43.6
609,1973-03-01,43.3
610,1973-02-01,42.9
611,1973-01-01,42.6
612,1972-12-01,42.5
613,1972-11-01,42.4
614,1972-10-01,42.3
615,1972-09-01,42.1
616,1972-08-01,42.0
617,1972-07-01,41.9
618,1972-06-01,41.7
619,1972-05-01,41.6
620,1972-04-01,41.5
621,1972-03-01,41.4
622,1972-02-01,41.3
623,1972-01-01,41.1
624,1971-12-01,41.1
625,1971-11-01,40.9
626,1971-10-01,40.9
627,1971-09-01,40.8
628,1971-08-01,40.8
629,1971-07-01,40.7
630,1971-06-01,40.6
631,1971-05-01,40.3
632,1971-04-01,40.1
633,1971-03-01,40.0
634,1971-02-01,39.9
635,1971-01-01,39.8
636,1970-12-01,39.8
637,1970-11-01,39.6
638,1970-10-01,39.4
639,1970-09-01,39.2
640,1970-08-01,39.0
641,1970-07-01,39.0
642,1970-06-01,38.8
643,1970-05-01,38.6
644,1970-04-01,38.5
645,1970-03-01,38.2
646,1970-02-01,38.0
647,1970-01-01,37.8
648,1969-12-01,37.7
649,1969-11-01,37.5
650,1969-10-01,37.3
651,1969-09-01,37.1
652,1969-08-01,37.0
653,1969-07-01,36.8
654,1969-06-01,36.6
655,1969-05-01,36.4
656,1969-04-01,36.3
657,1969-03-01,36.1
658,1969-02-01,35.8
659,1969-01-01,35.6
660,1968-12-01,35.5
661,1968-11-01,35.4
662,1968-10-01,35.3
663,1968-09-01,35.1
664,1968-08-01,35.0
665,1968-07-01,34.9
666,1968-06-01,34.7
667,1968-05-01,34.5
668,1968-04-01,34.4
669,1968-03-01,34.3
670,1968-02-01,34.2
671,1968-01-01,34.1
672,1967-12-01,33.9
673,1967-11-01,33.8
674,1967-10-01,33.7
675,1967-09-01,33.6
676,1967-08-01,33.5
677,1967-07-01,33.4
678,1967-06-01,33.3
679,1967-05-01,33.2
680,1967-04-01,33.1
681,1967-03-01,33.0
682,1967-02-01,32.9
683,1967-01-01,32.9
684,1966-12-01,32.9
685,1966-11-01,32.9
686,1966-10-01,32.9
687,1966-09-01,32.7
688,1966-08-01,32.7
689,1966-07-01,32.5
690,1966-06-01,32.4
691,1966-05-01,32.3
692,1966-04-01,32.3
693,1966-03-01,32.1
694,1966-02-01,32.0
695,1966-01-01,31.8
696,1965-12-01,31.8
697,1965-11-01,31.7
698,1965-10-01,31.7
699,1965-09-01,31.6
700,1965-08-01,31.6
701,1965-07-01,31.6
702,1965-06-01,31.6
703,1965-05-01,31.4
704,1965-04-01,31.4
705,1965-03-01,31.3
706,1965-02-01,31.2
707,1965-01-01,31.2
708,1964-12-01,31.2
709,1964-11-01,31.2
710,1964-10-01,31.1
711,1964-09-01,31.1
712,1964-08-01,31.0
713,1964-07-01,31.1
714,1964-06-01,31.0
715,1964-05-01,30.9
716,1964-04-01,30.9
717,1964-03-01,30.9
718,1964-02-01,30.9
719,1964-01-01,30.9
720,1963-12-01,30.9
721,1963-11-01,30.8
722,1963-10-01,30.8
723,1963-09-01,30.7
724,1963-08-01,30.7
725,1963-07-01,30.7
726,1963-06-01,30.6
727,1963-05-01,30.5
728,1963-04-01,30.5
729,1963-03-01,30.5
730,1963-02-01,30.4
731,1963-01-01,30.4
732,1962-12-01,30.4
733,1962-11-01,30.4
734,1962-10-01,30.4
735,1962-09-01,30.4
736,1962-08-01,30.3
737,1962-07-01,30.3
738,1962-06-01,30.2
739,1962-05-01,30.2
740,1962-04-01,30.2
741,1962-03-01,30.1
742,1962-02-01,30.1
743,1962-01-01,30.0
744,1961-12-01,30.0
745,1961-11-01,30.0
746,1961-10-01,30.0
747,1961-09-01,30.0
748,1961-08-01,29.9
749,1961-07-01,30.0
750,1961-06-01,29.8
751,1961-05-01,29.8
752,1961-04-01,29.8
753,1961-03-01,29.8
754,1961-02-01,29.8
755,1961-01-01,29.8
756,1960-12-01,29.8
757,1960-11-01,29.8
758,1960-10-01,29.8
759,1960-09-01,29.6
760,1960-08-01,29.6
761,1960-07-01,29.6
762,1960-06-01,29.6
763,1960-05-01,29.5
764,1960-04-01,29.5
765,1960-03-01,29.4
766,1960-02-01,29.4
767,1960-01-01,29.3
768,1959-12-01,29.4
769,1959-11-01,29.4
770,1959-10-01,29.4
771,1959-09-01,29.3
772,1959-08-01,29.2
773,1959-07-01,29.2
774,1959-06-01,29.1
775,1959-05-01,29.0
776,1959-04-01,29.0
777,1959-03-01,28.9
778,1959-02-01,28.9
779,1959-01-01,29.0
780,1958-12-01,28.9
781,1958-11-01,29.0
782,1958-10-01,28.9
783,1958-09-01,28.9
784,1958-08-01,28.9
785,1958-07-01,29.0
786,1958-06-01,28.9
787,1958-05-01,28.9
788,1958-04-01,28.9
789,1958-03-01,28.8
790,1958-02-01,28.6
791,1958-01-01,28.6
792,1957-12-01,28.4
793,1957-11-01,28.4
794,1957-10-01,28.3
795,1957-09-01,28.3
796,1957-08-01,28.3
797,1957-07-01,28.3
798,1957-06-01,28.1
799,1957-05-01,28.0
800,1957-04-01,27.9
801,1957-03-01,27.8
802,1957-02-01,27.7
803,1957-01-01,27.6
804,1956-12-01,27.6
805,1956-11-01,27.5
806,1956-10-01,27.5
807,1956-09-01,27.4
808,1956-08-01,27.3
809,1956-07-01,27.4
810,1956-06-01,27.2
811,1956-05-01,27.0
812,1956-04-01,26.9
813,1956-03-01,26.8
814,1956-02-01,26.8
815,1956-01-01,26.8
816,1955-12-01,26.8
817,1955-11-01,26.9
818,1955-10-01,26.9
819,1955-09-01,26.9
820,1955-08-01,26.8
821,1955-07-01,26.8
822,1955-06-01,26.7
823,1955-05-01,26.7
824,1955-04-01,26.7
825,1955-03-01,26.7
826,1955-02-01,26.7
827,1955-01-01,26.7
828,1954-12-01,26.7
829,1954-11-01,26.8
830,1954-10-01,26.8
831,1954-09-01,26.8
832,1954-08-01,26.9
833,1954-07-01,26.9
834,1954-06-01,26.9
835,1954-05-01,26.9
836,1954-04-01,26.8
837,1954-03-01,26.9
838,1954-02-01,26.9
839,1954-01-01,26.9
840,1953-12-01,26.9
841,1953-11-01,26.9
842,1953-10-01,27.0
843,1953-09-01,26.9
844,1953-08-01,26.9
845,1953-07-01,26.8
846,1953-06-01,26.8
847,1953-05-01,26.7
848,1953-04-01,26.6
849,1953-03-01,26.6
850,1953-02-01,26.5
851,1953-01-01,26.6
852,1952-12-01,26.7
853,1952-11-01,26.7
854,1952-10-01,26.7
855,1952-09-01,26.7
856,1952-08-01,26.7
857,1952-07-01,26.7
858,1952-06-01,26.5
859,1952-05-01,26.4
860,1952-04-01,26.4
861,1952-03-01,26.3
862,1952-02-01,26.3
863,1952-01-01,26.5
864,1951-12-01,26.5
865,1951-11-01,26.4
866,1951-10-01,26.2
867,1951-09-01,26.1
868,1951-08-01,25.9
869,1951-07-01,25.9
870,1951-06-01,25.9
871,1951-05-01,25.9
872,1951-04-01,25.8
873,1951-03-01,25.8
874,1951-02-01,25.7
875,1951-01-01,25.4
876,1950-12-01,25.0
877,1950-11-01,24.7
878,1950-10-01,24.6
879,1950-09-01,24.4
880,1950-08-01,24.3
881,1950-07-01,24.1
882,1950-06-01,23.8
883,1950-05-01,23.7
884,1950-04-01,23.6
885,1950-03-01,23.6
886,1950-02-01,23.5
887,1950-01-01,23.5
888,1949-12-01,23.6
889,1949-11-01,23.8
890,1949-10-01,23.7
891,1949-09-01,23.9
892,1949-08-01,23.8
893,1949-07-01,23.7
894,1949-06-01,23.9
895,1949-05-01,23.8
896,1949-04-01,23.9
897,1949-03-01,23.8
898,1949-02-01,23.8
899,1949-01-01,24.0
900,1948-12-01,24.1
901,1948-11-01,24.2
902,1948-10-01,24.4
903,1948-09-01,24.5
904,1948-08-01,24.5
905,1948-07-01,24.4
906,1948-06-01,24.1
907,1948-05-01,23.9
908,1948-04-01,23.8
909,1948-03-01,23.4
910,1948-02-01,23.5
911,1948-01-01,23.7
912,1947-12-01,23.4
913,1947-11-01,23.1
914,1947-10-01,23.0
915,1947-09-01,23.0
916,1947-08-01,22.5
917,1947-07-01,22.2
918,1947-06-01,22.0
919,1947-05-01,21.9
920,1947-04-01,21.9
921,1947-03-01,21.9
922,1947-02-01,21.5
923,1947-01-01,21.5
924,1946-12-01,21.5
925,1946-11-01,21.3
926,1946-10-01,20.8
927,1946-09-01,20.4
928,1946-08-01,20.2
929,1946-07-01,19.8
930,1946-06-01,18.7
931,1946-05-01,18.5
932,1946-04-01,18.4
933,1946-03-01,18.3
934,1946-02-01,18.1
935,1946-01-01,18.2
936,1945-12-01,18.2
937,1945-11-01,18.1
938,1945-10-01,18.1
939,1945-09-01,18.1
940,1945-08-01,18.1
941,1945-07-01,18.1
942,1945-06-01,18.1
943,1945-05-01,17.9
944,1945-04-01,17.8
945,1945-03-01,17.8
946,1945-02-01,17.8
947,1945-01-01,17.8
948,1944-12-01,17.8
949,1944-11-01,17.7
950,1944-10-01,17.7
951,1944-09-01,17.7
952,1944-08-01,17.7
953,1944-07-01,17.7
954,1944-06-01,17.6
955,1944-05-01,17.5
956,1944-04-01,17.5
957,1944-03-01,17.4
958,1944-02-01,17.4
959,1944-01-01,17.4
960,1943-12-01,17.4
961,1943-11-01,17.4
962,1943-10-01,17.4
963,1943-09-01,17.4
964,1943-08-01,17.3
965,1943-07-01,17.4
966,1943-06-01,17.5
967,1943-05-01,17.5
968,1943-04-01,17.4
969,1943-03-01,17.2
970,1943-02-01,16.9
971,1943-01-01,16.9
972,1942-12-01,16.9
973,1942-11-01,16.8
974,1942-10-01,16.7
975,1942-09-01,16.5
976,1942-08-01,16.5
977,1942-07-01,16.4
978,1942-06-01,16.3
979,1942-05-01,16.3
980,1942-04-01,16.1
981,1942-03-01,16.0
982,1942-02-01,15.8
983,1942-01-01,15.7
984,1941-12-01,15.5
985,1941-11-01,15.4
986,1941-10-01,15.3
987,1941-09-01,15.1
988,1941-08-01,14.9
989,1941-07-01,14.7
990,1941-06-01,14.7
991,1941-05-01,14.4
992,1941-04-01,14.3
993,1941-03-01,14.2
994,1941-02-01,14.1
995,1941-01-01,14.1
996,1940-12-01,14.1
997,1940-11-01,14.0
998,1940-10-01,14.0
999,1940-09-01,14.0
1000,1940-08-01,14.0
1001,1940-07-01,14.0
1002,1940-06-01,14.1
1003,1940-05-01,14.0
1004,1940-04-01,14.0
1005,1940-03-01,14.0
1006,1940-02-01,14.0
1007,1940-01-01,13.9
1008,1939-12-01,14.0
1009,1939-11-01,14.0
1010,1939-10-01,14.0
1011,1939-09-01,14.1
1012,1939-08-01,13.8
1013,1939-07-01,13.8
1014,1939-06-01,13.8
1015,1939-05-01,13.8
1016,1939-04-01,13.8
1017,1939-03-01,13.9
1018,1939-02-01,13.9
1019,1939-01-01,14.0
1020,1938-12-01,14.0
1021,1938-11-01,14.0
1022,1938-10-01,14.0
1023,1938-09-01,14.1
1024,1938-08-01,14.1
1025,1938-07-01,14.1
1026,1938-06-01,14.1
1027,1938-05-01,14.1
1028,1938-04-01,14.2
1029,1938-03-01,14.1
1030,1938-02-01,14.1
1031,1938-01-01,14.2
1032,1937-12-01,14.4
1033,1937-11-01,14.5
1034,1937-10-01,14.6
1035,1937-09-01,14.6
1036,1937-08-01,14.5
1037,1937-07-01,14.5
1038,1937-06-01,14.4
1039,1937-05-01,14.4
1040,1937-04-01,14.3
1041,1937-03-01,14.2
1042,1937-02-01,14.1
1043,1937-01-01,14.1
1044,1936-12-01,14.0
1045,1936-11-01,14.0
1046,1936-10-01,14.0
1047,1936-09-01,14.0
1048,1936-08-01,14.0
1049,1936-07-01,13.9
1050,1936-06-01,13.8
1051,1936-05-01,13.7
1052,1936-04-01,13.7
1053,1936-03-01,13.7
1054,1936-02-01,13.8
1055,1936-01-01,13.8
1056,1935-12-01,13.8
1057,1935-11-01,13.8
1058,1935-10-01,13.7
1059,1935-09-01,13.7
1060,1935-08-01,13.7
1061,1935-07-01,13.7
1062,1935-06-01,13.7
1063,1935-05-01,13.8
1064,1935-04-01,13.8
1065,1935-03-01,13.7
1066,1935-02-01,13.7
1067,1935-01-01,13.6
1068,1934-12-01,13.4
1069,1934-11-01,13.5
1070,1934-10-01,13.5
1071,1934-09-01,13.6
1072,1934-08-01,13.4
1073,1934-07-01,13.4
1074,1934-06-01,13.4
1075,1934-05-01,13.3
1076,1934-04-01,13.3
1077,1934-03-01,13.3
1078,1934-02-01,13.3
1079,1934-01-01,13.2
1080,1933-12-01,13.2
1081,1933-11-01,13.2
1082,1933-10-01,13.2
1083,1933-09-01,13.2
1084,1933-08-01,13.2
1085,1933-07-01,13.1
1086,1933-06-01,12.7
1087,1933-05-01,12.6
1088,1933-04-01,12.6
1089,1933-03-01,12.6
1090,1933-02-01,12.7
1091,1933-01-01,12.9
1092,1932-12-01,13.1
1093,1932-11-01,13.2
1094,1932-10-01,13.3
1095,1932-09-01,13.4
1096,1932-08-01,13.5
1097,1932-07-01,13.6
1098,1932-06-01,13.6
1099,1932-05-01,13.7
1100,1932-04-01,13.9
1101,1932-03-01,14.0
1102,1932-02-01,14.1
1103,1932-01-01,14.3
1104,1931-12-01,14.6
1105,1931-11-01,14.7
1106,1931-10-01,14.9
1107,1931-09-01,15.0
1108,1931-08-01,15.1
1109,1931-07-01,15.1
1110,1931-06-01,15.1
1111,1931-05-01,15.3
1112,1931-04-01,15.5
1113,1931-03-01,15.6
1114,1931-02-01,15.7
1115,1931-01-01,15.9
1116,1930-12-01,16.1
1117,1930-11-01,16.4
1118,1930-10-01,16.5
1119,1930-09-01,16.6
1120,1930-08-01,16.5
1121,1930-07-01,16.6
1122,1930-06-01,16.8
1123,1930-05-01,16.9
1124,1930-04-01,17.0
1125,1930-03-01,16.9
1126,1930-02-01,17.0
1127,1930-01-01,17.1
1128,1929-12-01,17.2
1129,1929-11-01,17.3
1130,1929-10-01,17.3
1131,1929-09-01,17.3
1132,1929-08-01,17.3
1133,1929-07-01,17.3
1134,1929-06-01,17.1
1135,1929-05-01,17.0
1136,1929-04-01,16.9
1137,1929-03-01,17.0
1138,1929-02-01,17.1
1139,1929-01-01,17.1
1140,1928-12-01,17.1
1141,1928-11-01,17.2
1142,1928-10-01,17.2
1143,1928-09-01,17.3
1144,1928-08-01,17.1
1145,1928-07-01,17.1
1146,1928-06-01,17.1
1147,1928-05-01,17.2
1148,1928-04-01,17.1
1149,1928-03-01,17.1
1150,1928-02-01,17.1
1151,1928-01-01,17.3
1152,1927-12-01,17.3
1153,1927-11-01,17.3
1154,1927-10-01,17.4
1155,1927-09-01,17.3
1156,1927-08-01,17.2
1157,1927-07-01,17.3
1158,1927-06-01,17.6
1159,1927-05-01,17.4
1160,1927-04-01,17.3
1161,1927-03-01,17.3
1162,1927-02-01,17.4
1163,1927-01-01,17.5
1164,1926-12-01,17.7
1165,1926-11-01,17.7
1166,1926-10-01,17.6
1167,1926-09-01,17.5
1168,1926-08-01,17.4
1169,1926-07-01,17.5
1170,1926-06-01,17.7
1171,1926-05-01,17.8
1172,1926-04-01,17.9
1173,1926-03-01,17.8
1174,1926-02-01,17.9
1175,1926-01-01,17.9
1176,1925-12-01,17.9
1177,1925-11-01,18.0
1178,1925-10-01,17.7
1179,1925-09-01,17.7
1180,1925-08-01,17.7
1181,1925-07-01,17.7
1182,1925-06-01,17.5
1183,1925-05-01,17.3
1184,1925-04-01,17.2
1185,1925-03-01,17.3
1186,1925-02-01,17.2
1187,1925-01-01,17.3
1188,1924-12-01,17.3
1189,1924-11-01,17.2
1190,1924-10-01,17.2
1191,1924-09-01,17.1
1192,1924-08-01,17.0
1193,1924-07-01,17.1
1194,1924-06-01,17.0
1195,1924-05-01,17.0
1196,1924-04-01,17.0
1197,1924-03-01,17.1
1198,1924-02-01,17.2
1199,1924-01-01,17.3
1200,1923-12-01,17.3
1201,1923-11-01,17.3
1202,1923-10-01,17.3
1203,1923-09-01,17.2
1204,1923-08-01,17.1
1205,1923-07-01,17.2
1206,1923-06-01,17.0
1207,1923-05-01,16.9
1208,1923-04-01,16.9
1209,1923-03-01,16.8
1210,1923-02-01,16.8
1211,1923-01-01,16.8
1212,1922-12-01,16.9
1213,1922-11-01,16.8
1214,1922-10-01,16.7
1215,1922-09-01,16.6
1216,1922-08-01,16.6
1217,1922-07-01,16.8
1218,1922-06-01,16.7
1219,1922-05-01,16.7
1220,1922-04-01,16.7
1221,1922-03-01,16.7
1222,1922-02-01,16.9
1223,1922-01-01,16.9
1224,1921-12-01,17.3
1225,1921-11-01,17.4
1226,1921-10-01,17.5
1227,1921-09-01,17.5
1228,1921-08-01,17.7
1229,1921-07-01,17.7
1230,1921-06-01,17.6
1231,1921-05-01,17.7
1232,1921-04-01,18.1
1233,1921-03-01,18.3
1234,1921-02-01,18.4
1235,1921-01-01,19.0
1236,1920-12-01,19.4
1237,1920-11-01,19.8
1238,1920-10-01,19.9
1239,1920-09-01,20.0
1240,1920-08-01,20.3
1241,1920-07-01,20.8
1242,1920-06-01,20.9
1243,1920-05-01,20.6
1244,1920-04-01,20.3
1245,1920-03-01,19.7
1246,1920-02-01,19.5
1247,1920-01-01,19.3
1248,1919-12-01,18.9
1249,1919-11-01,18.5
1250,1919-10-01,18.1
1251,1919-09-01,17.8
1252,1919-08-01,17.7
1253,1919-07-01,17.4
1254,1919-06-01,16.9
1255,1919-05-01,16.9
1256,1919-04-01,16.7
1257,1919-03-01,16.4
1258,1919-02-01,16.2
1259,1919-01-01,16.5
1260,1918-12-01,16.5
1261,1918-11-01,16.3
1262,1918-10-01,16.0
1263,1918-09-01,15.7
1264,1918-08-01,15.4
1265,1918-07-01,15.1
1266,1918-06-01,14.7
1267,1918-05-01,14.5
1268,1918-04-01,14.2
1269,1918-03-01,14.0
1270,1918-02-01,14.1
1271,1918-01-01,14.0
1272,1917-12-01,13.7
1273,1917-11-01,13.5
1274,1917-10-01,13.5
1275,1917-09-01,13.3
1276,1917-08-01,13.0
1277,1917-07-01,12.8
1278,1917-06-01,13.0
1279,1917-05-01,12.8
1280,1917-04-01,12.6
1281,1917-03-01,12.0
1282,1917-02-01,12.0
1283,1917-01-01,11.7
1284,1916-12-01,11.6
1285,1916-11-01,11.5
1286,1916-10-01,11.3
1287,1916-09-01,11.1
1288,1916-08-01,10.9
1289,1916-07-01,10.8
1290,1916-06-01,10.8
1291,1916-05-01,10.7
1292,1916-04-01,10.6
1293,1916-03-01,10.5
1294,1916-02-01,10.4
1295,1916-01-01,10.4
1296,1915-12-01,10.3
1297,1915-11-01,10.3
1298,1915-10-01,10.2
1299,1915-09-01,10.1
1300,1915-08-01,10.1
1301,1915-07-01,10.1
1302,1915-06-01,10.1
1303,1915-05-01,10.1
1304,1915-04-01,10.0
1305,1915-03-01,9.9
1306,1915-02-01,10.0
1307,1915-01-01,10.1
1308,1914-12-01,10.1
1309,1914-11-01,10.2
1310,1914-10-01,10.1
1311,1914-09-01,10.2
1312,1914-08-01,10.2
1313,1914-07-01,10.0
1314,1914-06-01,9.9
1315,1914-05-01,9.9
1316,1914-04-01,9.8
1317,1914-03-01,9.9
1318,1914-02-01,9.9
1319,1914-01-01,10.0
1320,1913-12-01,10.0
1321,1913-11-01,10.1
1322,1913-10-01,10.0
1323,1913-09-01,10.0
1324,1913-08-01,9.9
1325,1913-07-01,9.9
1326,1913-06-01,9.8
1327,1913-05-01,9.7
1328,1913-04-01,9.8
1329,1913-03-01,9.8
1330,1913-02-01,9.8
1331,1913-01-01,9.8
