,date,cpi_value,cpi_year,cpi_month
0,2024-01-01 00:00:00.000000,308.417,2024,01
1,2023-12-01 00:00:00.000000,306.746,2023,12
2,2023-11-01 00:00:00.000000,307.051,2023,11
3,2023-10-01 00:00:00.000000,307.671,2023,10
4,2023-09-01 00:00:00.000000,307.789,2023,09
5,2023-08-01 00:00:00.000000,307.026,2023,08
6,2023-07-01 00:00:00.000000,305.691,2023,07
7,2023-06-01 00:00:00.000000,305.109,2023,06
8,2023-05-01 00:00:00.000000,304.127,2023,05
9,2023-04-01 00:00:00.000000,303.363,2023,04
10,2023-03-01 00:00:00.000000,301.836,2023,03
11,2023-02-01 00:00:00.000000,300.84,2023,02
12,2023-01-01 00:00:00.000000,299.17,2023,01
13,2022-12-01 00:00:00.000000,296.797,2022,12
14,2022-11-01 00:00:00.000000,297.711,2022,11
15,2022-10-01 00:00:00.000000,298.012,2022,10
16,2022-09-01 00:00:00.000000,296.808,2022,09
17,2022-08-01 00:00:00.000000,296.171,2022,08
18,2022-07-01 00:00:00.000000,296.276,2022,07
19,2022-06-01 00:00:00.000000,296.311,2022,06
20,2022-05-01 00:00:00.000000,292.296,2022,05
21,2022-04-01 00:00:00.000000,289.109,2022,04
22,2022-03-01 00:00:00.000000,287.504,2022,03
23,2022-02-01 00:00:00.000000,283.716,2022,02
24,2022-01-01 00:00:00.000000,281.148,2022,01
25,2021-12-01 00:00:00.000000,278.802,2021,12
26,2021-11-01 00:00:00.000000,277.948,2021,11
27,2021-10-01 00:00:00.000000,276.589,2021,10
28,2021-09-01 00:00:00.000000,274.31,2021,09
29,2021-08-01 00:00:00.000000,273.567,2021,08
30,2021-07-01 00:00:00.000000,273.003,2021,07
31,2021-06-01 00:00:00.000000,271.696,2021,06
32,2021-05-01 00:00:00.000000,269.195,2021,05
33,2021-04-01 00:00:00.000000,267.054,2021,04
34,2021-03-01 00:00:00.000000,264.877,2021,03
35,2021-02-01 00:00:00.000000,263.014,2021,02
36,2021-01-01 00:00:00.000000,261.582,2021,01
37,2020-12-01 00:00:00.000000,260.474,2020,12
38,2020-11-01 00:00:00.000000,260.229,2020,11
39,2020-10-01 00:00:00.000000,260.388,2020,10
40,2020-09-01 00:00:00.000000,260.28,2020,09
41,2020-08-01 00:00:00.000000,259.918,2020,08
42,2020-07-01 00:00:00.000000,259.101,2020,07
43,2020-06-01 00:00:00.000000,257.797,2020,06
44,2020-05-01 00:00:00.000000,256.394,2020,05
45,2020-04-01 00:00:00.000000,256.389,2020,04
46,2020-03-01 00:00:00.000000,258.115,2020,03
47,2020-02-01 00:00:00.000000,258.678,2020,02
48,2020-01-01 00:00:00.000000,257.971,2020,01
49,2019-12-01 00:00:00.000000,256.974,2019,12
50,2019-11-01 00:00:00.000000,257.208,2019,11
51,2019-10-01 00:00:00.000000,257.346,2019,10
52,2019-09-01 00:00:00.000000,256.759,2019,09
53,2019-08-01 00:00:00.000000,256.558,2019,08
54,2019-07-01 00:00:00.000000,256.571,2019,07
55,2019-06-01 00:00:00.000000,256.143,2019,06
56,2019-05-01 00:00:00.000000,256.092,2019,05
57,2019-04-01 00:00:00.000000,255.548,2019,04
58,2019-03-01 00:00:00.000000,254.202,2019,03
59,2019-02-01 00:00:00.000000,252.776,2019,02
60,2019-01-01 00:00:00.000000,251.712,2019,01
61,2018-12-01 00:00:00.000000,251.233,2018,12
62,2018-11-01 00:00:00.000000,252.038,2018,11
63,2018-10-01 00:00:00.000000,252.885,2018,10
64,2018-09-01 00:00:00.000000,252.439,2018,09
65,2018-08-01 00:00:00.000000,252.146,2018,08
66,2018-07-01 00:00:00.000000,252.006,2018,07
67,2018-06-01 00:00:00.000000,251.989,2018,06
68,2018-05-01 00:00:00.000000,251.588,2018,05
69,2018-04-01 00:00:00.000000,250.546,2018,04
70,2018-03-01 00:00:00.000000,249.554,2018,03
71,2018-02-01 00:00:00.000000,248.991,2018,02
72,2018-01-01 00:00:00.000000,247.867,2018,01
73,2017-12-01 00:00:00.000000,246.524,2017,12
74,2017-11-01 00:00:00.000000,246.669,2017,11
75,2017-10-01 00:00:00.000000,246.663,2017,10
76,2017-09-01 00:00:00.000000,246.819,2017,09
77,2017-08-01 00:00:00.000000,245.519,2017,08
78,2017-07-01 00:00:00.000000,244.786,2017,07
79,2017-06-01 00:00:00.000000,244.955,2017,06
80,2017-05-01 00:00:00.000000,244.733,2017,05
81,2017-04-01 00:00:00.000000,244.524,2017,04
82,2017-03-01 00:00:00.000000,243.801,2017,03
83,2017-02-01 00:00:00.000000,243.603,2017,02
84,2017-01-01 00:00:00.000000,242.839,2017,01
85,2016-12-01 00:00:00.000000,241.432,2016,12
86,2016-11-01 00:00:00.000000,241.353,2016,11
87,2016-10-01 00:00:00.000000,241.729,2016,10
88,2016-09-01 00:00:00.000000,241.428,2016,09
89,2016-08-01 00:00:00.000000,240.849,2016,08
90,2016-07-01 00:00:00.000000,240.628,2016,07
91,2016-06-01 00:00:00.000000,241.018,2016,06
92,2016-05-01 00:00:00.000000,240.229,2016,05
93,2016-04-01 00:00:00.000000,239.261,2016,04
94,2016-03-01 00:00:00.000000,238.132,2016,03
95,2016-02-01 00:00:00.000000,237.111,2016,02
96,2016-01-01 00:00:00.000000,236.916,2016,01
97,2015-12-01 00:00:00.000000,236.525,2015,12
98,2015-11-01 00:00:00.000000,237.336,2015,11
99,2015-10-01 00:00:00.000000,237.838,2015,10
100,2015-09-01 00:00:00.000000,237.945,2015,09
101,2015-08-01 00:00:00.000000,238.316,2015,08
102,2015-07-01 00:00:00.000000,238.654,2015,07
103,2015-06-01 00:00:00.000000,238.638,2015,06
104,2015-05-01 00:00:00.000000,237.805,2015,05
105,2015-04-01 00:00:00.000000,236.599,2015,04
106,2015-03-01 00:00:00.000000,236.119,2015,03
107,2015-02-01 00:00:00.000000,234.722,2015,02
108,2015-01-01 00:00:00.000000,233.707,2015,01
109,2014-12-01 00:00:00.000000,234.812,2014,12
110,2014-11-01 00:00:00.000000,236.151,2014,11
111,2014-10-01 00:00:00.000000,237.433,2014,10
112,2014-09-01 00:00:00.000000,238.031,2014,09
113,2014-08-01 00:00:00.000000,237.852,2014,08
114,2014-07-01 00:00:00.000000,238.25,2014,07
115,2014-06-01 00:00:00.000000,238.343,2014,06
116,2014-05-01 00:00:00.000000,237.9,2014,05
117,2014-04-01 00:00:00.000000,237.072,2014,04
118,2014-03-01 00:00:00.000000,236.293,2014,03
119,2014-02-01 00:00:00.000000,234.781,2014,02
120,2014-01-01 00:00:00.000000,233.916,2014,01
121,2013-12-01 00:00:00.000000,233.049,2013,12
122,2013-11-01 00:00:00.000000,233.069,2013,11
123,2013-10-01 00:00:00.000000,233.546,2013,10
124,2013-09-01 00:00:00.000000,234.149,2013,09
125,2013-08-01 00:00:00.000000,233.877,2013,08
126,2013-07-01 00:00:00.000000,233.596,2013,07
127,2013-06-01 00:00:00.000000,233.504,2013,06
128,2013-05-01 00:00:00.000000,232.945,2013,05
129,2013-04-01 00:00:00.000000,232.531,2013,04
130,2013-03-01 00:00:00.000000,232.773,2013,03
131,2013-02-01 00:00:00.000000,232.166,2013,02
132,2013-01-01 00:00:00.000000,230.28,2013,01
133,2012-12-01 00:00:00.000000,229.601,2012,12
134,2012-11-01 00:00:00.000000,230.221,2012,11
135,2012-10-01 00:00:00.000000,231.317,2012,10
136,2012-09-01 00:00:00.000000,231.407,2012,09
137,2012-08-01 00:00:00.000000,230.379,2012,08
138,2012-07-01 00:00:00.000000,229.104,2012,07
139,2012-06-01 00:00:00.000000,229.478,2012,06
140,2012-05-01 00:00:00.000000,229.815,2012,05
141,2012-04-01 00:00:00.000000,230.085,2012,04
142,2012-03-01 00:00:00.000000,229.392,2012,03
143,2012-02-01 00:00:00.000000,227.663,2012,02
144,2012-01-01 00:00:00.000000,226.665,2012,01
145,2011-12-01 00:00:00.000000,225.672,2011,12
146,2011-11-01 00:00:00.000000,226.23,2011,11
147,2011-10-01 00:00:00.000000,226.421,2011,10
148,2011-09-01 00:00:00.000000,226.889,2011,09
149,2011-08-01 00:00:00.000000,226.545,2011,08
150,2011-07-01 00:00:00.000000,225.922,2011,07
151,2011-06-01 00:00:00.000000,225.722,2011,06
152,2011-05-01 00:00:00.000000,225.964,2011,05
153,2011-04-01 00:00:00.000000,224.906,2011,04
154,2011-03-01 00:00:00.000000,223.467,2011,03
155,2011-02-01 00:00:00.000000,221.309,2011,02
156,2011-01-01 00:00:00.000000,220.223,2011,01
157,2010-12-01 00:00:00.000000,219.179,2010,12
158,2010-11-01 00:00:00.000000,218.803,2010,11
159,2010-10-01 00:00:00.000000,218.711,2010,10
160,2010-09-01 00:00:00.000000,218.439,2010,09
161,2010-08-01 00:00:00.000000,218.312,2010,08
162,2010-07-01 00:00:00.000000,218.011,2010,07
163,2010-06-01 00:00:00.000000,217.965,2010,06
164,2010-05-01 00:00:00.000000,218.178,2010,05
165,2010-04-01 00:00:00.000000,218.009,2010,04
166,2010-03-01 00:00:00.000000,217.631,2010,03
167,2010-02-01 00:00:00.000000,216.741,2010,02
168,2010-01-01 00:00:00.000000,216.687,2010,01
169,2009-12-01 00:00:00.000000,215.949,2009,12
170,2009-11-01 00:00:00.000000,216.33,2009,11
171,2009-10-01 00:00:00.000000,216.177,2009,10
172,2009-09-01 00:00:00.000000,215.969,2009,09
173,2009-08-01 00:00:00.000000,215.834,2009,08
174,2009-07-01 00:00:00.000000,215.351,2009,07
175,2009-06-01 00:00:00.000000,215.693,2009,06
176,2009-05-01 00:00:00.000000,213.856,2009,05
177,2009-04-01 00:00:00.000000,213.24,2009,04
178,2009-03-01 00:00:00.000000,212.709,2009,03
179,2009-02-01 00:00:00.000000,212.193,2009,02
180,2009-01-01 00:00:00.000000,211.143,2009,01
181,2008-12-01 00:00:00.000000,210.228,2008,12
182,2008-11-01 00:00:00.000000,212.425,2008,11
183,2008-10-01 00:00:00.000000,216.573,2008,10
184,2008-09-01 00:00:00.000000,218.783,2008,09
185,2008-08-01 00:00:00.000000,219.086,2008,08
186,2008-07-01 00:00:00.000000,219.964,2008,07
187,2008-06-01 00:00:00.000000,218.815,2008,06
188,2008-05-01 00:00:00.000000,216.632,2008,05
189,2008-04-01 00:00:00.000000,214.823,2008,04
190,2008-03-01 00:00:00.000000,213.528,2008,03
191,2008-02-01 00:00:00.000000,211.693,2008,02
192,2008-01-01 00:00:00.000000,211.08,2008,01
193,2007-12-01 00:00:00.000000,210.036,2007,12
194,2007-11-01 00:00:00.000000,210.177,2007,11
195,2007-10-01 00:00:00.000000,208.936,2007,10
196,2007-09-01 00:00:00.000000,208.49,2007,09
197,2007-08-01 00:00:00.000000,207.917,2007,08
198,2007-07-01 00:00:00.000000,208.299,2007,07
199,2007-06-01 00:00:00.000000,208.352,2007,06
200,2007-05-01 00:00:00.000000,207.949,2007,05
201,2007-04-01 00:00:00.000000,206.686,2007,04
202,2007-03-01 00:00:00.000000,205.352,2007,03
203,2007-02-01 00:00:00.000000,203.499,2007,02
204,2007-01-01 00:00:00.000000,202.416,2007,01
205,2006-12-01 00:00:00.000000,201.8,2006,12
206,2006-11-01 00:00:00.000000,201.5,2006,11
207,2006-10-01 00:00:00.000000,201.8,2006,10
208,2006-09-01 00:00:00.000000,202.9,2006,09
209,2006-08-01 00:00:00.000000,203.9,2006,08
210,2006-07-01 00:00:00.000000,203.5,2006,07
211,2006-06-01 00:00:00.000000,202.9,2006,06
212,2006-05-01 00:00:00.000000,202.5,2006,05
213,2006-04-01 00:00:00.000000,201.5,2006,04
214,2006-03-01 00:00:00.000000,199.8,2006,03
215,2006-02-01 00:00:00.000000,198.7,2006,02
216,2006-01-01 00:00:00.000000,198.3,2006,01
217,2005-12-01 00:00:00.000000,196.8,2005,12
218,2005-11-01 00:00:00.000000,197.6,2005,11
219,2005-10-01 00:00:00.000000,199.2,2005,10
220,2005-09-01 00:00:00.000000,198.8,2005,09
221,2005-08-01 00:00:00.000000,196.4,2005,08
222,2005-07-01 00:00:00.000000,195.4,2005,07
223,2005-06-01 00:00:00.000000,194.5,2005,06
224,2005-05-01 00:00:00.000000,194.4,2005,05
225,2005-04-01 00:00:00.000000,194.6,2005,04
226,2005-03-01 00:00:00.000000,193.3,2005,03
227,2005-02-01 00:00:00.000000,191.8,2005,02
228,2005-01-01 00:00:00.000000,190.7,2005,01
229,2004-12-01 00:00:00.000000,190.3,2004,12
230,2004-11-01 00:00:00.000000,191.0,2004,11
231,2004-10-01 00:00:00.000000,190.9,2004,10
232,2004-09-01 00:00:00.000000,189.9,2004,09
233,2004-08-01 00:00:00.000000,189.5,2004,08
234,2004-07-01 00:00:00.000000,189.4,2004,07
235,2004-06-01 00:00:00.000000,189.7,2004,06
236,2004-05-01 00:00:00.000000,189.1,2004,05
237,2004-04-01 00:00:00.000000,188.0,2004,04
238,2004-03-01 00:00:00.000000,187.4,2004,03
239,2004-02-01 00:00:00.000000,186.2,2004,02
240,2004-01-01 00:00:00.000000,185.2,2004,01
241,2003-12-01 00:00:00.000000,184.3,2003,12
242,2003-11-01 00:00:00.000000,184.5,2003,11
243,2003-10-01 00:00:00.000000,185.0,2003,10
244,2003-09-01 00:00:00.000000,185.2,2003,09
245,2003-08-01 00:00:00.000000,184.6,2003,08
246,2003-07-01 00:00:00.000000,183.9,2003,07
247,2003-06-01 00:00:00.000000,183.7,2003,06
248,2003-05-01 00:00:00.000000,183.5,2003,05
249,2003-04-01 00:00:00.000000,183.8,2003,04
250,2003-03-01 00:00:00.000000,184.2,2003,03
251,2003-02-01 00:00:00.000000,183.1,2003,02
252,2003-01-01 00:00:00.000000,181.7,2003,01
253,2002-12-01 00:00:00.000000,180.9,2002,12
254,2002-11-01 00:00:00.000000,181.3,2002,11
255,2002-10-01 00:00:00.000000,181.3,2002,10
256,2002-09-01 00:00:00.000000,181.0,2002,09
257,2002-08-01 00:00:00.000000,180.7,2002,08
258,2002-07-01 00:00:00.000000,180.1,2002,07
259,2002-06-01 00:00:00.000000,179.9,2002,06
260,2002-05-01 00:00:00.000000,179.8,2002,05
261,2002-04-01 00:00:00.000000,179.8,2002,04
262,2002-03-01 00:00:00.000000,178.8,2002,03
263,2002-02-01 00:00:00.000000,177.8,2002,02
264,2002-01-01 00:00:00.000000,177.1,2002,01
265,2001-12-01 00:00:00.000000,176.7,2001,12
266,2001-11-01 00:00:00.000000,177.4,2001,11
267,2001-10-01 00:00:00.000000,177.7,2001,10
268,2001-09-01 00:00:00.000000,178.3,2001,09
269,2001-08-01 00:00:00.000000,177.5,2001,08
270,2001-07-01 00:00:00.000000,177.5,2001,07
271,2001-06-01 00:00:00.000000,178.0,2001,06
272,2001-05-01 00:00:00.000000,177.7,2001,05
273,2001-04-01 00:00:00.000000,176.9,2001,04
274,2001-03-01 00:00:00.000000,176.2,2001,03
275,2001-02-01 00:00:00.000000,175.8,2001,02
276,2001-01-01 00:00:00.000000,175.1,2001,01
277,2000-12-01 00:00:00.000000,174.0,2000,12
278,2000-11-01 00:00:00.000000,174.1,2000,11
279,2000-10-01 00:00:00.000000,174.0,2000,10
280,2000-09-01 00:00:00.000000,173.7,2000,09
281,2000-08-01 00:00:00.000000,172.8,2000,08
282,2000-07-01 00:00:00.000000,172.8,2000,07
283,2000-06-01 00:00:00.000000,172.4,2000,06
284,2000-05-01 00:00:00.000000,171.5,2000,05
285,2000-04-01 00:00:00.000000,171.3,2000,04
286,2000-03-01 00:00:00.000000,171.2,2000,03
287,2000-02-01 00:00:00.000000,169.8,2000,02
288,2000-01-01 00:00:00.000000,168.8,2000,01
289,1999-12-01 00:00:00.000000,168.3,1999,12
290,1999-11-01 00:00:00.000000,168.3,1999,11
291,1999-10-01 00:00:00.000000,168.2,1999,10
292,1999-09-01 00:00:00.000000,167.9,1999,09
293,1999-08-01 00:00:00.000000,167.1,1999,08
294,1999-07-01 00:00:00.000000,166.7,1999,07
295,1999-06-01 00:00:00.000000,166.2,1999,06
296,1999-05-01 00:00:00.000000,166.2,1999,05
297,1999-04-01 00:00:00.000000,166.2,1999,04
298,1999-03-01 00:00:00.000000,165.0,1999,03
299,1999-02-01 00:00:00.000000,164.5,1999,02
300,1999-01-01 00:00:00.000000,164.3,1999,01
301,1998-12-01 00:00:00.000000,163.9,1998,12
302,1998-11-01 00:00:00.000000,164.0,1998,11
303,1998-10-01 00:00:00.000000,164.0,1998,10
304,1998-09-01 00:00:00.000000,163.6,1998,09
305,1998-08-01 00:00:00.000000,163.4,1998,08
306,1998-07-01 00:00:00.000000,163.2,1998,07
307,1998-06-01 00:00:00.000000,163.0,1998,06
308,1998-05-01 00:00:00.000000,162.8,1998,05
309,1998-04-01 00:00:00.000000,162.5,1998,04
310,1998-03-01 00:00:00.000000,162.2,1998,03
311,1998-02-01 00:00:00.000000,161.9,1998,02
312,1998-01-01 00:00:00.000000,161.6,1998,01
313,1997-12-01 00:00:00.000000,161.3,1997,12
314,1997-11-01 00:00:00.000000,161.5,1997,11
315,1997-10-01 00:00:00.000000,161.6,1997,10
316,1997-09-01 00:00:00.000000,161.2,1997,09
317,1997-08-01 00:00:00.000000,160.8,1997,08
318,1997-07-01 00:00:00.000000,160.5,1997,07
319,1997-06-01 00:00:00.000000,160.3,1997,06
320,1997-05-01 00:00:00.000000,160.1,1997,05
321,1997-04-01 00:00:00.000000,160.2,1997,04
322,1997-03-01 00:00:00.000000,160.0,1997,03
323,1997-02-01 00:00:00.000000,159.6,1997,02
324,1997-01-01 00:00:00.000000,159.1,1997,01
325,1996-12-01 00:00:00.000000,158.6,1996,12
326,1996-11-01 00:00:00.000000,158.6,1996,11
327,1996-10-01 00:00:00.000000,158.3,1996,10
328,1996-09-01 00:00:00.000000,157.8,1996,09
329,1996-08-01 00:00:00.000000,157.3,1996,08
330,1996-07-01 00:00:00.000000,157.0,1996,07
331,1996-06-01 00:00:00.000000,156.7,1996,06
332,1996-05-01 00:00:00.000000,156.6,1996,05
333,1996-04-01 00:00:00.000000,156.3,1996,04
334,1996-03-01 00:00:00.000000,155.7,1996,03
335,1996-02-01 00:00:00.000000,154.9,1996,02
336,1996-01-01 00:00:00.000000,154.4,1996,01
337,1995-12-01 00:00:00.000000,153.5,1995,12
338,1995-11-01 00:00:00.000000,153.6,1995,11
339,1995-10-01 00:00:00.000000,153.7,1995,10
340,1995-09-01 00:00:00.000000,153.2,1995,09
341,1995-08-01 00:00:00.000000,152.9,1995,08
342,1995-07-01 00:00:00.000000,152.5,1995,07
343,1995-06-01 00:00:00.000000,152.5,1995,06
344,1995-05-01 00:00:00.000000,152.2,1995,05
345,1995-04-01 00:00:00.000000,151.9,1995,04
346,1995-03-01 00:00:00.000000,151.4,1995,03
347,1995-02-01 00:00:00.000000,150.9,1995,02
348,1995-01-01 00:00:00.000000,150.3,1995,01
349,1994-12-01 00:00:00.000000,149.7,1994,12
350,1994-11-01 00:00:00.000000,149.7,1994,11
351,1994-10-01 00:00:00.000000,149.5,1994,10
352,1994-09-01 00:00:00.000000,149.4,1994,09
353,1994-08-01 00:00:00.000000,149.0,1994,08
354,1994-07-01 00:00:00.000000,148.4,1994,07
355,1994-06-01 00:00:00.000000,148.0,1994,06
356,1994-05-01 00:00:00.000000,147.5,1994,05
357,1994-04-01 00:00:00.000000,147.4,1994,04
358,1994-03-01 00:00:00.000000,147.2,1994,03
359,1994-02-01 00:00:00.000000,146.7,1994,02
360,1994-01-01 00:00:00.000000,146.2,1994,01
361,1993-12-01 00:00:00.000000,145.8,1993,12
362,1993-11-01 00:00:00.000000,145.8,1993,11
363,1993-10-01 00:00:00.000000,145.7,1993,10
364,1993-09-01 00:00:00.000000,145.1,1993,09
365,1993-08-01 00:00:00.000000,144.8,1993,08
366,1993-07-01 00:00:00.000000,144.4,1993,07
367,1993-06-01 00:00:00.000000,144.4,1993,06
368,1993-05-01 00:00:00.000000,144.2,1993,05
369,1993-04-01 00:00:00.000000,144.0,1993,04
370,1993-03-01 00:00:00.000000,143.6,1993,03
371,1993-02-01 00:00:00.000000,143.1,1993,02
372,1993-01-01 00:00:00.000000,142.6,1993,01
373,1992-12-01 00:00:00.000000,141.9,1992,12
374,1992-11-01 00:00:00.000000,142.0,1992,11
375,1992-10-01 00:00:00.000000,141.8,1992,10
376,1992-09-01 00:00:00.000000,141.3,1992,09
377,1992-08-01 00:00:00.000000,140.9,1992,08
378,1992-07-01 00:00:00.000000,140.5,1992,07
379,1992-06-01 00:00:00.000000,140.2,1992,06
380,1992-05-01 00:00:00.000000,139.7,1992,05
381,1992-04-01 00:00:00.000000,139.5,1992,04
382,1992-03-01 00:00:00.000000,139.3,1992,03
383,1992-02-01 00:00:00.000000,138.6,1992,02
384,1992-01-01 00:00:00.000000,138.1,1992,01
385,1991-12-01 00:00:00.000000,137.9,1991,12
386,1991-11-01 00:00:00.000000,137.8,1991,11
387,1991-10-01 00:00:00.000000,137.4,1991,10
388,1991-09-01 00:00:00.000000,137.2,1991,09
389,1991-08-01 00:00:00.000000,136.6,1991,08
390,1991-07-01 00:00:00.000000,136.2,1991,07
391,1991-06-01 00:00:00.000000,136.0,1991,06
392,1991-05-01 00:00:00.000000,135.6,1991,05
393,1991-04-01 00:00:00.000000,135.2,1991,04
394,1991-03-01 00:00:00.000000,135.0,1991,03
395,1991-02-01 00:00:00.000000,134.8,1991,02
396,1991-01-01 00:00:00.000000,134.6,1991,01
397,1990-12-01 00:00:00.000000,133.8,1990,12
398,1990-11-01 00:00:00.000000,133.8,1990,11
399,1990-10-01 00:00:00.000000,133.5,1990,10
400,1990-09-01 00:00:00.000000,132.7,1990,09
401,1990-08-01 00:00:00.000000,131.6,1990,08
402,1990-07-01 00:00:00.000000,130.4,1990,07
403,1990-06-01 00:00:00.000000,129.9,1990,06
404,1990-05-01 00:00:00.000000,129.2,1990,05
405,1990-04-01 00:00:00.000000,128.9,1990,04
406,1990-03-01 00:00:00.000000,128.7,1990,03
407,1990-02-01 00:00:00.000000,128.0,1990,02
408,1990-01-01 00:00:00.000000,127.4,1990,01
409,1989-12-01 00:00:00.000000,126.1,1989,12
410,1989-11-01 00:00:00.000000,125.9,1989,11
411,1989-10-01 00:00:00.000000,125.6,1989,10
412,1989-09-01 00:00:00.000000,125.0,1989,09
413,1989-08-01 00:00:00.000000,124.6,1989,08
414,1989-07-01 00:00:00.000000,124.4,1989,07
415,1989-06-01 00:00:00.000000,124.1,1989,06
416,1989-05-01 00:00:00.000000,123.8,1989,05
417,1989-04-01 00:00:00.000000,123.1,1989,04
418,1989-03-01 00:00:00.000000,122.3,1989,03
419,1989-02-01 00:00:00.000000,121.6,1989,02
420,1989-01-01 00:00:00.000000,121.1,1989,01
421,1988-12-01 00:00:00.000000,120.5,1988,12
422,1988-11-01 00:00:00.000000,120.3,1988,11
423,1988-10-01 00:00:00.000000,120.2,1988,10
424,1988-09-01 00:00:00.000000,119.8,1988,09
425,1988-08-01 00:00:00.000000,119.0,1988,08
426,1988-07-01 00:00:00.000000,118.5,1988,07
427,1988-06-01 00:00:00.000000,118.0,1988,06
428,1988-05-01 00:00:00.000000,117.5,1988,05
429,1988-04-01 00:00:00.000000,117.1,1988,04
430,1988-03-01 00:00:00.000000,116.5,1988,03
431,1988-02-01 00:00:00.000000,116.0,1988,02
432,1988-01-01 00:00:00.000000,115.7,1988,01
433,1987-12-01 00:00:00.000000,115.4,1987,12
434,1987-11-01 00:00:00.000000,115.4,1987,11
435,1987-10-01 00:00:00.000000,115.3,1987,10
436,1987-09-01 00:00:00.000000,115.0,1987,09
437,1987-08-01 00:00:00.000000,114.4,1987,08
438,1987-07-01 00:00:00.000000,113.8,1987,07
439,1987-06-01 00:00:00.000000,113.5,1987,06
440,1987-05-01 00:00:00.000000,113.1,1987,05
441,1987-04-01 00:00:00.000000,112.7,1987,04
442,1987-03-01 00:00:00.000000,112.1,1987,03
443,1987-02-01 00:00:00.000000,111.6,1987,02
444,1987-01-01 00:00:00.000000,111.2,1987,01
445,1986-12-01 00:00:00.000000,110.5,1986,12
446,1986-11-01 00:00:00.000000,110.4,1986,11
447,1986-10-01 00:00:00.000000,110.3,1986,10
448,1986-09-01 00:00:00.000000,110.2,1986,09
449,1986-08-01 00:00:00.000000,109.7,1986,08
450,1986-07-01 00:00:00.000000,109.5,1986,07
451,1986-06-01 00:00:00.000000,109.5,1986,06
452,1986-05-01 00:00:00.000000,108.9,1986,05
453,1986-04-01 00:00:00.000000,108.6,1986,04
454,1986-03-01 00:00:00.000000,108.8,1986,03
455,1986-02-01 00:00:00.000000,109.3,1986,02
456,1986-01-01 00:00:00.000000,109.6,1986,01
457,1985-12-01 00:00:00.000000,109.3,1985,12
458,1985-11-01 00:00:00.000000,109.0,1985,11
459,1985-10-01 00:00:00.000000,108.7,1985,10
460,1985-09-01 00:00:00.000000,108.3,1985,09
461,1985-08-01 00:00:00.000000,108.0,1985,08
462,1985-07-01 00:00:00.000000,107.8,1985,07
463,1985-06-01 00:00:00.000000,107.6,1985,06
464,1985-05-01 00:00:00.000000,107.3,1985,05
465,1985-04-01 00:00:00.000000,106.9,1985,04
466,1985-03-01 00:00:00.000000,106.4,1985,03
467,1985-02-01 00:00:00.000000,106.0,1985,02
468,1985-01-01 00:00:00.000000,105.5,1985,01
469,1984-12-01 00:00:00.000000,105.3,1984,12
470,1984-11-01 00:00:00.000000,105.3,1984,11
471,1984-10-01 00:00:00.000000,105.3,1984,10
472,1984-09-01 00:00:00.000000,105.0,1984,09
473,1984-08-01 00:00:00.000000,104.5,1984,08
474,1984-07-01 00:00:00.000000,104.1,1984,07
475,1984-06-01 00:00:00.000000,103.7,1984,06
476,1984-05-01 00:00:00.000000,103.4,1984,05
477,1984-04-01 00:00:00.000000,103.1,1984,04
478,1984-03-01 00:00:00.000000,102.6,1984,03
479,1984-02-01 00:00:00.000000,102.4,1984,02
480,1984-01-01 00:00:00.000000,101.9,1984,01
481,1983-12-01 00:00:00.000000,101.3,1983,12
482,1983-11-01 00:00:00.000000,101.2,1983,11
483,1983-10-01 00:00:00.000000,101.0,1983,10
484,1983-09-01 00:00:00.000000,100.7,1983,09
485,1983-08-01 00:00:00.000000,100.2,1983,08
486,1983-07-01 00:00:00.000000,99.9,1983,07
487,1983-06-01 00:00:00.000000,99.5,1983,06
488,1983-05-01 00:00:00.000000,99.2,1983,05
489,1983-04-01 00:00:00.000000,98.6,1983,04
490,1983-03-01 00:00:00.000000,97.9,1983,03
491,1983-02-01 00:00:00.000000,97.9,1983,02
492,1983-01-01 00:00:00.000000,97.8,1983,01
493,1982-12-01 00:00:00.000000,97.6,1982,12
494,1982-11-01 00:00:00.000000,98.0,1982,11
495,1982-10-01 00:00:00.000000,98.2,1982,10
496,1982-09-01 00:00:00.000000,97.9,1982,09
497,1982-08-01 00:00:00.000000,97.7,1982,08
498,1982-07-01 00:00:00.000000,97.5,1982,07
499,1982-06-01 00:00:00.000000,97.0,1982,06
500,1982-05-01 00:00:00.000000,95.8,1982,05
501,1982-04-01 00:00:00.000000,94.9,1982,04
502,1982-03-01 00:00:00.000000,94.5,1982,03
503,1982-02-01 00:00:00.000000,94.6,1982,02
504,1982-01-01 00:00:00.000000,94.3,1982,01
505,1981-12-01 00:00:00.000000,94.0,1981,12
506,1981-11-01 00:00:00.000000,93.7,1981,11
507,1981-10-01 00:00:00.000000,93.4,1981,10
508,1981-09-01 00:00:00.000000,93.2,1981,09
509,1981-08-01 00:00:00.000000,92.3,1981,08
510,1981-07-01 00:00:00.000000,91.6,1981,07
511,1981-06-01 00:00:00.000000,90.6,1981,06
512,1981-05-01 00:00:00.000000,89.8,1981,05
513,1981-04-01 00:00:00.000000,89.1,1981,04
514,1981-03-01 00:00:00.000000,88.5,1981,03
515,1981-02-01 00:00:00.000000,87.9,1981,02
516,1981-01-01 00:00:00.000000,87.0,1981,01
517,1980-12-01 00:00:00.000000,86.3,1980,12
518,1980-11-01 00:00:00.000000,85.5,1980,11
519,1980-10-01 00:00:00.000000,84.8,1980,10
520,1980-09-01 00:00:00.000000,84.0,1980,09
521,1980-08-01 00:00:00.000000,83.3,1980,08
522,1980-07-01 00:00:00.000000,82.7,1980,07
523,1980-06-01 00:00:00.000000,82.7,1980,06
524,1980-05-01 00:00:00.000000,81.8,1980,05
525,1980-04-01 00:00:00.000000,81.0,1980,04
526,1980-03-01 00:00:00.000000,80.1,1980,03
527,1980-02-01 00:00:00.000000,78.9,1980,02
528,1980-01-01 00:00:00.000000,77.8,1980,01
529,1979-12-01 00:00:00.000000,76.7,1979,12
530,1979-11-01 00:00:00.000000,75.9,1979,11
531,1979-10-01 00:00:00.000000,75.2,1979,10
532,1979-09-01 00:00:00.000000,74.6,1979,09
533,1979-08-01 00:00:00.000000,73.8,1979,08
534,1979-07-01 00:00:00.000000,73.1,1979,07
535,1979-06-01 00:00:00.000000,72.3,1979,06
536,1979-05-01 00:00:00.000000,71.5,1979,05
537,1979-04-01 00:00:00.000000,70.6,1979,04
538,1979-03-01 00:00:00.000000,69.8,1979,03
539,1979-02-01 00:00:00.000000,69.1,1979,02
540,1979-01-01 00:00:00.000000,68.3,1979,01
541,1978-12-01 00:00:00.000000,67.7,1978,12
542,1978-11-01 00:00:00.000000,67.4,1978,11
543,1978-10-01 00:00:00.000000,67.1,1978,10
544,1978-09-01 00:00:00.000000,66.5,1978,09
545,1978-08-01 00:00:00.000000,66.0,1978,08
546,1978-07-01 00:00:00.000000,65.7,1978,07
547,1978-06-01 00:00:00.000000,65.2,1978,06
548,1978-05-01 00:00:00.000000,64.5,1978,05
549,1978-04-01 00:00:00.000000,63.9,1978,04
550,1978-03-01 00:00:00.000000,63.4,1978,03
551,1978-02-01 00:00:00.000000,62.9,1978,02
552,1978-01-01 00:00:00.000000,62.5,1978,01
553,1977-12-01 00:00:00.000000,62.1,1977,12
554,1977-11-01 00:00:00.000000,61.9,1977,11
555,1977-10-01 00:00:00.000000,61.6,1977,10
556,1977-09-01 00:00:00.000000,61.4,1977,09
557,1977-08-01 00:00:00.000000,61.2,1977,08
558,1977-07-01 00:00:00.000000,61.0,1977,07
559,1977-06-01 00:00:00.000000,60.7,1977,06
560,1977-05-01 00:00:00.000000,60.3,1977,05
561,1977-04-01 00:00:00.000000,60.0,1977,04
562,1977-03-01 00:00:00.000000,59.5,1977,03
563,1977-02-01 00:00:00.000000,59.1,1977,02
564,1977-01-01 00:00:00.000000,58.5,1977,01
565,1976-12-01 00:00:00.000000,58.2,1976,12
566,1976-11-01 00:00:00.000000,58.0,1976,11
567,1976-10-01 00:00:00.000000,57.9,1976,10
568,1976-09-01 00:00:00.000000,57.6,1976,09
569,1976-08-01 00:00:00.000000,57.4,1976,08
570,1976-07-01 00:00:00.000000,57.1,1976,07
571,1976-06-01 00:00:00.000000,56.8,1976,06
572,1976-05-01 00:00:00.000000,56.5,1976,05
573,1976-04-01 00:00:00.000000,56.1,1976,04
574,1976-03-01 00:00:00.000000,55.9,1976,03
575,1976-02-01 00:00:00.000000,55.8,1976,02
576,1976-01-01 00:00:00.000000,55.6,1976,01
577,1975-12-01 00:00:00.000000,55.5,1975,12
578,1975-11-01 00:00:00.000000,55.3,1975,11
579,1975-10-01 00:00:00.000000,54.9,1975,10
580,1975-09-01 00:00:00.000000,54.6,1975,09
581,1975-08-01 00:00:00.000000,54.3,1975,08
582,1975-07-01 00:00:00.000000,54.2,1975,07
583,1975-06-01 00:00:00.000000,53.6,1975,06
584,1975-05-01 00:00:00.000000,53.2,1975,05
585,1975-04-01 00:00:00.000000,52.9,1975,04
586,1975-03-01 00:00:00.000000,52.7,1975,03
587,1975-02-01 00:00:00.000000,52.5,1975,02
588,1975-01-01 00:00:00.000000,52.1,1975,01
589,1974-12-01 00:00:00.000000,51.9,1974,12
590,1974-11-01 00:00:00.000000,51.5,1974,11
591,1974-10-01 00:00:00.000000,51.1,1974,10
592,1974-09-01 00:00:00.000000,50.6,1974,09
593,1974-08-01 00:00:00.000000,50.0,1974,08
594,1974-07-01 00:00:00.000000,49.4,1974,07
595,1974-06-01 00:00:00.000000,49.0,1974,06
596,1974-05-01 00:00:00.000000,48.6,1974,05
597,1974-04-01 00:00:00.000000,48.0,1974,04
598,1974-03-01 00:00:00.000000,47.8,1974,03
599,1974-02-01 00:00:00.000000,47.2,1974,02
600,1974-01-01 00:00:00.000000,46.6,1974,01
601,1973-12-01 00:00:00.000000,46.2,1973,12
602,1973-11-01 00:00:00.000000,45.9,1973,11
603,1973-10-01 00:00:00.000000,45.6,1973,10
604,1973-09-01 00:00:00.000000,45.2,1973,09
605,1973-08-01 00:00:00.000000,45.1,1973,08
606,1973-07-01 00:00:00.000000,44.3,1973,07
607,1973-06-01 00:00:00.000000,44.2,1973,06
608,1973-05-01 00:00:00.000000,43.9,1973,05
609,1973-04-01 00:00:00.000000,43.6,1973,04
610,1973-03-01 00:00:00.000000,43.3,1973,03
611,1973-02-01 00:00:00.000000,42.9,1973,02
612,1973-01-01 00:00:00.000000,42.6,1973,01
613,1972-12-01 00:00:00.000000,42.5,1972,12
614,1972-11-01 00:00:00.000000,42.4,1972,11
615,1972-10-01 00:00:00.000000,42.3,1972,10
616,1972-09-01 00:00:00.000000,42.1,1972,09
617,1972-08-01 00:00:00.000000,42.0,1972,08
618,1972-07-01 00:00:00.000000,41.9,1972,07
619,1972-06-01 00:00:00.000000,41.7,1972,06
620,1972-05-01 00:00:00.000000,41.6,1972,05
621,1972-04-01 00:00:00.000000,41.5,1972,04
622,1972-03-01 00:00:00.000000,41.4,1972,03
623,1972-02-01 00:00:00.000000,41.3,1972,02
624,1972-01-01 00:00:00.000000,41.1,1972,01
625,1971-12-01 00:00:00.000000,41.1,1971,12
626,1971-11-01 00:00:00.000000,40.9,1971,11
627,1971-10-01 00:00:00.000000,40.9,1971,10
628,1971-09-01 00:00:00.000000,40.8,1971,09
629,1971-08-01 00:00:00.000000,40.8,1971,08
630,1971-07-01 00:00:00.000000,40.7,1971,07
631,1971-06-01 00:00:00.000000,40.6,1971,06
632,1971-05-01 00:00:00.000000,40.3,1971,05
633,1971-04-01 00:00:00.000000,40.1,1971,04
634,1971-03-01 00:00:00.000000,40.0,1971,03
635,1971-02-01 00:00:00.000000,39.9,1971,02
636,1971-01-01 00:00:00.000000,39.8,1971,01
637,1970-12-01 00:00:00.000000,39.8,1970,12
638,1970-11-01 00:00:00.000000,39.6,1970,11
639,1970-10-01 00:00:00.000000,39.4,1970,10
640,1970-09-01 00:00:00.000000,39.2,1970,09
641,1970-08-01 00:00:00.000000,39.0,1970,08
642,1970-07-01 00:00:00.000000,39.0,1970,07
643,1970-06-01 00:00:00.000000,38.8,1970,06
644,1970-05-01 00:00:00.000000,38.6,1970,05
645,1970-04-01 00:00:00.000000,38.5,1970,04
646,1970-03-01 00:00:00.000000,38.2,1970,03
647,1970-02-01 00:00:00.000000,38.0,1970,02
648,1970-01-01 00:00:00.000000,37.8,1970,01
649,1969-12-01 00:00:00.000000,37.7,1969,12
650,1969-11-01 00:00:00.000000,37.5,1969,11
651,1969-10-01 00:00:00.000000,37.3,1969,10
652,1969-09-01 00:00:00.000000,37.1,1969,09
653,1969-08-01 00:00:00.000000,37.0,1969,08
654,1969-07-01 00:00:00.000000,36.8,1969,07
655,1969-06-01 00:00:00.000000,36.6,1969,06
656,1969-05-01 00:00:00.000000,36.4,1969,05
657,1969-04-01 00:00:00.000000,36.3,1969,04
658,1969-03-01 00:00:00.000000,36.1,1969,03
659,1969-02-01 00:00:00.000000,35.8,1969,02
660,1969-01-01 00:00:00.000000,35.6,1969,01
661,1968-12-01 00:00:00.000000,35.5,1968,12
662,1968-11-01 00:00:00.000000,35.4,1968,11
663,1968-10-01 00:00:00.000000,35.3,1968,10
664,1968-09-01 00:00:00.000000,35.1,1968,09
665,1968-08-01 00:00:00.000000,35.0,1968,08
666,1968-07-01 00:00:00.000000,34.9,1968,07
667,1968-06-01 00:00:00.000000,34.7,1968,06
668,1968-05-01 00:00:00.000000,34.5,1968,05
669,1968-04-01 00:00:00.000000,34.4,1968,04
670,1968-03-01 00:00:00.000000,34.3,1968,03
671,1968-02-01 00:00:00.000000,34.2,1968,02
672,1968-01-01 00:00:00.000000,34.1,1968,01
673,1967-12-01 00:00:00.000000,33.9,1967,12
674,1967-11-01 00:00:00.000000,33.8,1967,11
675,1967-10-01 00:00:00.000000,33.7,1967,10
676,1967-09-01 00:00:00.000000,33.6,1967,09
677,1967-08-01 00:00:00.000000,33.5,1967,08
678,1967-07-01 00:00:00.000000,33.4,1967,07
679,1967-06-01 00:00:00.000000,33.3,1967,06
680,1967-05-01 00:00:00.000000,33.2,1967,05
681,1967-04-01 00:00:00.000000,33.1,1967,04
682,1967-03-01 00:00:00.000000,33.0,1967,03
683,1967-02-01 00:00:00.000000,32.9,1967,02
684,1967-01-01 00:00:00.000000,32.9,1967,01
685,1966-12-01 00:00:00.000000,32.9,1966,12
686,1966-11-01 00:00:00.000000,32.9,1966,11
687,1966-10-01 00:00:00.000000,32.9,1966,10
688,1966-09-01 00:00:00.000000,32.7,1966,09
689,1966-08-01 00:00:00.000000,32.7,1966,08
690,1966-07-01 00:00:00.000000,32.5,1966,07
691,1966-06-01 00:00:00.000000,32.4,1966,06
692,1966-05-01 00:00:00.000000,32.3,1966,05
693,1966-04-01 00:00:00.000000,32.3,1966,04
694,1966-03-01 00:00:00.000000,32.1,1966,03
695,1966-02-01 00:00:00.000000,32.0,1966,02
696,1966-01-01 00:00:00.000000,31.8,1966,01
697,1965-12-01 00:00:00.000000,31.8,1965,12
698,1965-11-01 00:00:00.000000,31.7,1965,11
699,1965-10-01 00:00:00.000000,31.7,1965,10
700,1965-09-01 00:00:00.000000,31.6,1965,09
701,1965-08-01 00:00:00.000000,31.6,1965,08
702,1965-07-01 00:00:00.000000,31.6,1965,07
703,1965-06-01 00:00:00.000000,31.6,1965,06
704,1965-05-01 00:00:00.000000,31.4,1965,05
705,1965-04-01 00:00:00.000000,31.4,1965,04
706,1965-03-01 00:00:00.000000,31.3,1965,03
707,1965-02-01 00:00:00.000000,31.2,1965,02
708,1965-01-01 00:00:00.000000,31.2,1965,01
709,1964-12-01 00:00:00.000000,31.2,1964,12
710,1964-11-01 00:00:00.000000,31.2,1964,11
711,1964-10-01 00:00:00.000000,31.1,1964,10
712,1964-09-01 00:00:00.000000,31.1,1964,09
713,1964-08-01 00:00:00.000000,31.0,1964,08
714,1964-07-01 00:00:00.000000,31.1,1964,07
715,1964-06-01 00:00:00.000000,31.0,1964,06
716,1964-05-01 00:00:00.000000,30.9,1964,05
717,1964-04-01 00:00:00.000000,30.9,1964,04
718,1964-03-01 00:00:00.000000,30.9,1964,03
719,1964-02-01 00:00:00.000000,30.9,1964,02
720,1964-01-01 00:00:00.000000,30.9,1964,01
721,1963-12-01 00:00:00.000000,30.9,1963,12
722,1963-11-01 00:00:00.000000,30.8,1963,11
723,1963-10-01 00:00:00.000000,30.8,1963,10
724,1963-09-01 00:00:00.000000,30.7,1963,09
725,1963-08-01 00:00:00.000000,30.7,1963,08
726,1963-07-01 00:00:00.000000,30.7,1963,07
727,1963-06-01 00:00:00.000000,30.6,1963,06
728,1963-05-01 00:00:00.000000,30.5,1963,05
729,1963-04-01 00:00:00.000000,30.5,1963,04
730,1963-03-01 00:00:00.000000,30.5,1963,03
731,1963-02-01 00:00:00.000000,30.4,1963,02
732,1963-01-01 00:00:00.000000,30.4,1963,01
733,1962-12-01 00:00:00.000000,30.4,1962,12
734,1962-11-01 00:00:00.000000,30.4,1962,11
735,1962-10-01 00:00:00.000000,30.4,1962,10
736,1962-09-01 00:00:00.000000,30.4,1962,09
737,1962-08-01 00:00:00.000000,30.3,1962,08
738,1962-07-01 00:00:00.000000,30.3,1962,07
739,1962-06-01 00:00:00.000000,30.2,1962,06
740,1962-05-01 00:00:00.000000,30.2,1962,05
741,1962-04-01 00:00:00.000000,30.2,1962,04
742,1962-03-01 00:00:00.000000,30.1,1962,03
743,1962-02-01 00:00:00.000000,30.1,1962,02
744,1962-01-01 00:00:00.000000,30.0,1962,01
745,1961-12-01 00:00:00.000000,30.0,1961,12
746,1961-11-01 00:00:00.000000,30.0,1961,11
747,1961-10-01 00:00:00.000000,30.0,1961,10
748,1961-09-01 00:00:00.000000,30.0,1961,09
749,1961-08-01 00:00:00.000000,29.9,1961,08
750,1961-07-01 00:00:00.000000,30.0,1961,07
751,1961-06-01 00:00:00.000000,29.8,1961,06
752,1961-05-01 00:00:00.000000,29.8,1961,05
753,1961-04-01 00:00:00.000000,29.8,1961,04
754,1961-03-01 00:00:00.000000,29.8,1961,03
755,1961-02-01 00:00:00.000000,29.8,1961,02
756,1961-01-01 00:00:00.000000,29.8,1961,01
757,1960-12-01 00:00:00.000000,29.8,1960,12
758,1960-11-01 00:00:00.000000,29.8,1960,11
759,1960-10-01 00:00:00.000000,29.8,1960,10
760,1960-09-01 00:00:00.000000,29.6,1960,09
761,1960-08-01 00:00:00.000000,29.6,1960,08
762,1960-07-01 00:00:00.000000,29.6,1960,07
763,1960-06-01 00:00:00.000000,29.6,1960,06
764,1960-05-01 00:00:00.000000,29.5,1960,05
765,1960-04-01 00:00:00.000000,29.5,1960,04
766,1960-03-01 00:00:00.000000,29.4,1960,03
767,1960-02-01 00:00:00.000000,29.4,1960,02
768,1960-01-01 00:00:00.000000,29.3,1960,01
769,1959-12-01 00:00:00.000000,29.4,1959,12
770,1959-11-01 00:00:00.000000,29.4,1959,11
771,1959-10-01 00:00:00.000000,29.4,1959,10
772,1959-09-01 00:00:00.000000,29.3,1959,09
773,1959-08-01 00:00:00.000000,29.2,1959,08
774,1959-07-01 00:00:00.000000,29.2,1959,07
775,1959-06-01 00:00:00.000000,29.1,1959,06
776,1959-05-01 00:00:00.000000,29.0,1959,05
777,1959-04-01 00:00:00.000000,29.0,1959,04
778,1959-03-01 00:00:00.000000,28.9,1959,03
779,1959-02-01 00:00:00.000000,28.9,1959,02
780,1959-01-01 00:00:00.000000,29.0,1959,01
781,1958-12-01 00:00:00.000000,28.9,1958,12
782,1958-11-01 00:00:00.000000,29.0,1958,11
783,1958-10-01 00:00:00.000000,28.9,1958,10
784,1958-09-01 00:00:00.000000,28.9,1958,09
785,1958-08-01 00:00:00.000000,28.9,1958,08
786,1958-07-01 00:00:00.000000,29.0,1958,07
787,1958-06-01 00:00:00.000000,28.9,1958,06
788,1958-05-01 00:00:00.000000,28.9,1958,05
789,1958-04-01 00:00:00.000000,28.9,1958,04
790,1958-03-01 00:00:00.000000,28.8,1958,03
791,1958-02-01 00:00:00.000000,28.6,1958,02
792,1958-01-01 00:00:00.000000,28.6,1958,01
793,1957-12-01 00:00:00.000000,28.4,1957,12
794,1957-11-01 00:00:00.000000,28.4,1957,11
795,1957-10-01 00:00:00.000000,28.3,1957,10
796,1957-09-01 00:00:00.000000,28.3,1957,09
797,1957-08-01 00:00:00.000000,28.3,1957,08
798,1957-07-01 00:00:00.000000,28.3,1957,07
799,1957-06-01 00:00:00.000000,28.1,1957,06
800,1957-05-01 00:00:00.000000,28.0,1957,05
801,1957-04-01 00:00:00.000000,27.9,1957,04
802,1957-03-01 00:00:00.000000,27.8,1957,03
803,1957-02-01 00:00:00.000000,27.7,1957,02
804,1957-01-01 00:00:00.000000,27.6,1957,01
805,1956-12-01 00:00:00.000000,27.6,1956,12
806,1956-11-01 00:00:00.000000,27.5,1956,11
807,1956-10-01 00:00:00.000000,27.5,1956,10
808,1956-09-01 00:00:00.000000,27.4,1956,09
809,1956-08-01 00:00:00.000000,27.3,1956,08
810,1956-07-01 00:00:00.000000,27.4,1956,07
811,1956-06-01 00:00:00.000000,27.2,1956,06
812,1956-05-01 00:00:00.000000,27.0,1956,05
813,1956-04-01 00:00:00.000000,26.9,1956,04
814,1956-03-01 00:00:00.000000,26.8,1956,03
815,1956-02-01 00:00:00.000000,26.8,1956,02
816,1956-01-01 00:00:00.000000,26.8,1956,01
817,1955-12-01 00:00:00.000000,26.8,1955,12
818,1955-11-01 00:00:00.000000,26.9,1955,11
819,1955-10-01 00:00:00.000000,26.9,1955,10
820,1955-09-01 00:00:00.000000,26.9,1955,09
821,1955-08-01 00:00:00.000000,26.8,1955,08
822,1955-07-01 00:00:00.000000,26.8,1955,07
823,1955-06-01 00:00:00.000000,26.7,1955,06
824,1955-05-01 00:00:00.000000,26.7,1955,05
825,1955-04-01 00:00:00.000000,26.7,1955,04
826,1955-03-01 00:00:00.000000,26.7,1955,03
827,1955-02-01 00:00:00.000000,26.7,1955,02
828,1955-01-01 00:00:00.000000,26.7,1955,01
829,1954-12-01 00:00:00.000000,26.7,1954,12
830,1954-11-01 00:00:00.000000,26.8,1954,11
831,1954-10-01 00:00:00.000000,26.8,1954,10
832,1954-09-01 00:00:00.000000,26.8,1954,09
833,1954-08-01 00:00:00.000000,26.9,1954,08
834,1954-07-01 00:00:00.000000,26.9,1954,07
835,1954-06-01 00:00:00.000000,26.9,1954,06
836,1954-05-01 00:00:00.000000,26.9,1954,05
837,1954-04-01 00:00:00.000000,26.8,1954,04
838,1954-03-01 00:00:00.000000,26.9,1954,03
839,1954-02-01 00:00:00.000000,26.9,1954,02
840,1954-01-01 00:00:00.000000,26.9,1954,01
841,1953-12-01 00:00:00.000000,26.9,1953,12
842,1953-11-01 00:00:00.000000,26.9,1953,11
843,1953-10-01 00:00:00.000000,27.0,1953,10
844,1953-09-01 00:00:00.000000,26.9,1953,09
845,1953-08-01 00:00:00.000000,26.9,1953,08
846,1953-07-01 00:00:00.000000,26.8,1953,07
847,1953-06-01 00:00:00.000000,26.8,1953,06
848,1953-05-01 00:00:00.000000,26.7,1953,05
849,1953-04-01 00:00:00.000000,26.6,1953,04
850,1953-03-01 00:00:00.000000,26.6,1953,03
851,1953-02-01 00:00:00.000000,26.5,1953,02
852,1953-01-01 00:00:00.000000,26.6,1953,01
853,1952-12-01 00:00:00.000000,26.7,1952,12
854,1952-11-01 00:00:00.000000,26.7,1952,11
855,1952-10-01 00:00:00.000000,26.7,1952,10
856,1952-09-01 00:00:00.000000,26.7,1952,09
857,1952-08-01 00:00:00.000000,26.7,1952,08
858,1952-07-01 00:00:00.000000,26.7,1952,07
859,1952-06-01 00:00:00.000000,26.5,1952,06
860,1952-05-01 00:00:00.000000,26.4,1952,05
861,1952-04-01 00:00:00.000000,26.4,1952,04
862,1952-03-01 00:00:00.000000,26.3,1952,03
863,1952-02-01 00:00:00.000000,26.3,1952,02
864,1952-01-01 00:00:00.000000,26.5,1952,01
865,1951-12-01 00:00:00.000000,26.5,1951,12
866,1951-11-01 00:00:00.000000,26.4,1951,11
867,1951-10-01 00:00:00.000000,26.2,1951,10
868,1951-09-01 00:00:00.000000,26.1,1951,09
869,1951-08-01 00:00:00.000000,25.9,1951,08
870,1951-07-01 00:00:00.000000,25.9,1951,07
871,1951-06-01 00:00:00.000000,25.9,1951,06
872,1951-05-01 00:00:00.000000,25.9,1951,05
873,1951-04-01 00:00:00.000000,25.8,1951,04
874,1951-03-01 00:00:00.000000,25.8,1951,03
875,1951-02-01 00:00:00.000000,25.7,1951,02
876,1951-01-01 00:00:00.000000,25.4,1951,01
877,1950-12-01 00:00:00.000000,25.0,1950,12
878,1950-11-01 00:00:00.000000,24.7,1950,11
879,1950-10-01 00:00:00.000000,24.6,1950,10
880,1950-09-01 00:00:00.000000,24.4,1950,09
881,1950-08-01 00:00:00.000000,24.3,1950,08
882,1950-07-01 00:00:00.000000,24.1,1950,07
883,1950-06-01 00:00:00.000000,23.8,1950,06
884,1950-05-01 00:00:00.000000,23.7,1950,05
885,1950-04-01 00:00:00.000000,23.6,1950,04
886,1950-03-01 00:00:00.000000,23.6,1950,03
887,1950-02-01 00:00:00.000000,23.5,1950,02
888,1950-01-01 00:00:00.000000,23.5,1950,01
889,1949-12-01 00:00:00.000000,23.6,1949,12
890,1949-11-01 00:00:00.000000,23.8,1949,11
891,1949-10-01 00:00:00.000000,23.7,1949,10
892,1949-09-01 00:00:00.000000,23.9,1949,09
893,1949-08-01 00:00:00.000000,23.8,1949,08
894,1949-07-01 00:00:00.000000,23.7,1949,07
895,1949-06-01 00:00:00.000000,23.9,1949,06
896,1949-05-01 00:00:00.000000,23.8,1949,05
897,1949-04-01 00:00:00.000000,23.9,1949,04
898,1949-03-01 00:00:00.000000,23.8,1949,03
899,1949-02-01 00:00:00.000000,23.8,1949,02
900,1949-01-01 00:00:00.000000,24.0,1949,01
901,1948-12-01 00:00:00.000000,24.1,1948,12
902,1948-11-01 00:00:00.000000,24.2,1948,11
903,1948-10-01 00:00:00.000000,24.4,1948,10
904,1948-09-01 00:00:00.000000,24.5,1948,09
905,1948-08-01 00:00:00.000000,24.5,1948,08
906,1948-07-01 00:00:00.000000,24.4,1948,07
907,1948-06-01 00:00:00.000000,24.1,1948,06
908,1948-05-01 00:00:00.000000,23.9,1948,05
909,1948-04-01 00:00:00.000000,23.8,1948,04
910,1948-03-01 00:00:00.000000,23.4,1948,03
911,1948-02-01 00:00:00.000000,23.5,1948,02
912,1948-01-01 00:00:00.000000,23.7,1948,01
913,1947-12-01 00:00:00.000000,23.4,1947,12
914,1947-11-01 00:00:00.000000,23.1,1947,11
915,1947-10-01 00:00:00.000000,23.0,1947,10
916,1947-09-01 00:00:00.000000,23.0,1947,09
917,1947-08-01 00:00:00.000000,22.5,1947,08
918,1947-07-01 00:00:00.000000,22.2,1947,07
919,1947-06-01 00:00:00.000000,22.0,1947,06
920,1947-05-01 00:00:00.000000,21.9,1947,05
921,1947-04-01 00:00:00.000000,21.9,1947,04
922,1947-03-01 00:00:00.000000,21.9,1947,03
923,1947-02-01 00:00:00.000000,21.5,1947,02
924,1947-01-01 00:00:00.000000,21.5,1947,01
925,1946-12-01 00:00:00.000000,21.5,1946,12
926,1946-11-01 00:00:00.000000,21.3,1946,11
927,1946-10-01 00:00:00.000000,20.8,1946,10
928,1946-09-01 00:00:00.000000,20.4,1946,09
929,1946-08-01 00:00:00.000000,20.2,1946,08
930,1946-07-01 00:00:00.000000,19.8,1946,07
931,1946-06-01 00:00:00.000000,18.7,1946,06
932,1946-05-01 00:00:00.000000,18.5,1946,05
933,1946-04-01 00:00:00.000000,18.4,1946,04
934,1946-03-01 00:00:00.000000,18.3,1946,03
935,1946-02-01 00:00:00.000000,18.1,1946,02
936,1946-01-01 00:00:00.000000,18.2,1946,01
937,1945-12-01 00:00:00.000000,18.2,1945,12
938,1945-11-01 00:00:00.000000,18.1,1945,11
939,1945-10-01 00:00:00.000000,18.1,1945,10
940,1945-09-01 00:00:00.000000,18.1,1945,09
941,1945-08-01 00:00:00.000000,18.1,1945,08
942,1945-07-01 00:00:00.000000,18.1,1945,07
943,1945-06-01 00:00:00.000000,18.1,1945,06
944,1945-05-01 00:00:00.000000,17.9,1945,05
945,1945-04-01 00:00:00.000000,17.8,1945,04
946,1945-03-01 00:00:00.000000,17.8,1945,03
947,1945-02-01 00:00:00.000000,17.8,1945,02
948,1945-01-01 00:00:00.000000,17.8,1945,01
949,1944-12-01 00:00:00.000000,17.8,1944,12
950,1944-11-01 00:00:00.000000,17.7,1944,11
951,1944-10-01 00:00:00.000000,17.7,1944,10
952,1944-09-01 00:00:00.000000,17.7,1944,09
953,1944-08-01 00:00:00.000000,17.7,1944,08
954,1944-07-01 00:00:00.000000,17.7,1944,07
955,1944-06-01 00:00:00.000000,17.6,1944,06
956,1944-05-01 00:00:00.000000,17.5,1944,05
957,1944-04-01 00:00:00.000000,17.5,1944,04
958,1944-03-01 00:00:00.000000,17.4,1944,03
959,1944-02-01 00:00:00.000000,17.4,1944,02
960,1944-01-01 00:00:00.000000,17.4,1944,01
961,1943-12-01 00:00:00.000000,17.4,1943,12
962,1943-11-01 00:00:00.000000,17.4,1943,11
963,1943-10-01 00:00:00.000000,17.4,1943,10
964,1943-09-01 00:00:00.000000,17.4,1943,09
965,1943-08-01 00:00:00.000000,17.3,1943,08
966,1943-07-01 00:00:00.000000,17.4,1943,07
967,1943-06-01 00:00:00.000000,17.5,1943,06
968,1943-05-01 00:00:00.000000,17.5,1943,05
969,1943-04-01 00:00:00.000000,17.4,1943,04
970,1943-03-01 00:00:00.000000,17.2,1943,03
971,1943-02-01 00:00:00.000000,16.9,1943,02
972,1943-01-01 00:00:00.000000,16.9,1943,01
973,1942-12-01 00:00:00.000000,16.9,1942,12
974,1942-11-01 00:00:00.000000,16.8,1942,11
975,1942-10-01 00:00:00.000000,16.7,1942,10
976,1942-09-01 00:00:00.000000,16.5,1942,09
977,1942-08-01 00:00:00.000000,16.5,1942,08
978,1942-07-01 00:00:00.000000,16.4,1942,07
979,1942-06-01 00:00:00.000000,16.3,1942,06
980,1942-05-01 00:00:00.000000,16.3,1942,05
981,1942-04-01 00:00:00.000000,16.1,1942,04
982,1942-03-01 00:00:00.000000,16.0,1942,03
983,1942-02-01 00:00:00.000000,15.8,1942,02
984,1942-01-01 00:00:00.000000,15.7,1942,01
985,1941-12-01 00:00:00.000000,15.5,1941,12
986,1941-11-01 00:00:00.000000,15.4,1941,11
987,1941-10-01 00:00:00.000000,15.3,1941,10
988,1941-09-01 00:00:00.000000,15.1,1941,09
989,1941-08-01 00:00:00.000000,14.9,1941,08
990,1941-07-01 00:00:00.000000,14.7,1941,07
991,1941-06-01 00:00:00.000000,14.7,1941,06
992,1941-05-01 00:00:00.000000,14.4,1941,05
993,1941-04-01 00:00:00.000000,14.3,1941,04
994,1941-03-01 00:00:00.000000,14.2,1941,03
995,1941-02-01 00:00:00.000000,14.1,1941,02
996,1941-01-01 00:00:00.000000,14.1,1941,01
997,1940-12-01 00:00:00.000000,14.1,1940,12
998,1940-11-01 00:00:00.000000,14.0,1940,11
999,1940-10-01 00:00:00.000000,14.0,1940,10
1000,1940-09-01 00:00:00.000000,14.0,1940,09
1001,1940-08-01 00:00:00.000000,14.0,1940,08
1002,1940-07-01 00:00:00.000000,14.0,1940,07
1003,1940-06-01 00:00:00.000000,14.1,1940,06
1004,1940-05-01 00:00:00.000000,14.0,1940,05
1005,1940-04-01 00:00:00.000000,14.0,1940,04
1006,1940-03-01 00:00:00.000000,14.0,1940,03
1007,1940-02-01 00:00:00.000000,14.0,1940,02
1008,1940-01-01 00:00:00.000000,13.9,1940,01
1009,1939-12-01 00:00:00.000000,14.0,1939,12
1010,1939-11-01 00:00:00.000000,14.0,1939,11
1011,1939-10-01 00:00:00.000000,14.0,1939,10
1012,1939-09-01 00:00:00.000000,14.1,1939,09
1013,1939-08-01 00:00:00.000000,13.8,1939,08
1014,1939-07-01 00:00:00.000000,13.8,1939,07
1015,1939-06-01 00:00:00.000000,13.8,1939,06
1016,1939-05-01 00:00:00.000000,13.8,1939,05
1017,1939-04-01 00:00:00.000000,13.8,1939,04
1018,1939-03-01 00:00:00.000000,13.9,1939,03
1019,1939-02-01 00:00:00.000000,13.9,1939,02
1020,1939-01-01 00:00:00.000000,14.0,1939,01
1021,1938-12-01 00:00:00.000000,14.0,1938,12
1022,1938-11-01 00:00:00.000000,14.0,1938,11
1023,1938-10-01 00:00:00.000000,14.0,1938,10
1024,1938-09-01 00:00:00.000000,14.1,1938,09
1025,1938-08-01 00:00:00.000000,14.1,1938,08
1026,1938-07-01 00:00:00.000000,14.1,1938,07
1027,1938-06-01 00:00:00.000000,14.1,1938,06
1028,1938-05-01 00:00:00.000000,14.1,1938,05
1029,1938-04-01 00:00:00.000000,14.2,1938,04
1030,1938-03-01 00:00:00.000000,14.1,1938,03
1031,1938-02-01 00:00:00.000000,14.1,1938,02
1032,1938-01-01 00:00:00.000000,14.2,1938,01
1033,1937-12-01 00:00:00.000000,14.4,1937,12
1034,1937-11-01 00:00:00.000000,14.5,1937,11
1035,1937-10-01 00:00:00.000000,14.6,1937,10
1036,1937-09-01 00:00:00.000000,14.6,1937,09
1037,1937-08-01 00:00:00.000000,14.5,1937,08
1038,1937-07-01 00:00:00.000000,14.5,1937,07
1039,1937-06-01 00:00:00.000000,14.4,1937,06
1040,1937-05-01 00:00:00.000000,14.4,1937,05
1041,1937-04-01 00:00:00.000000,14.3,1937,04
1042,1937-03-01 00:00:00.000000,14.2,1937,03
1043,1937-02-01 00:00:00.000000,14.1,1937,02
1044,1937-01-01 00:00:00.000000,14.1,1937,01
1045,1936-12-01 00:00:00.000000,14.0,1936,12
1046,1936-11-01 00:00:00.000000,14.0,1936,11
1047,1936-10-01 00:00:00.000000,14.0,1936,10
1048,1936-09-01 00:00:00.000000,14.0,1936,09
1049,1936-08-01 00:00:00.000000,14.0,1936,08
1050,1936-07-01 00:00:00.000000,13.9,1936,07
1051,1936-06-01 00:00:00.000000,13.8,1936,06
1052,1936-05-01 00:00:00.000000,13.7,1936,05
1053,1936-04-01 00:00:00.000000,13.7,1936,04
1054,1936-03-01 00:00:00.000000,13.7,1936,03
1055,1936-02-01 00:00:00.000000,13.8,1936,02
1056,1936-01-01 00:00:00.000000,13.8,1936,01
1057,1935-12-01 00:00:00.000000,13.8,1935,12
1058,1935-11-01 00:00:00.000000,13.8,1935,11
1059,1935-10-01 00:00:00.000000,13.7,1935,10
1060,1935-09-01 00:00:00.000000,13.7,1935,09
1061,1935-08-01 00:00:00.000000,13.7,1935,08
1062,1935-07-01 00:00:00.000000,13.7,1935,07
1063,1935-06-01 00:00:00.000000,13.7,1935,06
1064,1935-05-01 00:00:00.000000,13.8,1935,05
1065,1935-04-01 00:00:00.000000,13.8,1935,04
1066,1935-03-01 00:00:00.000000,13.7,1935,03
1067,1935-02-01 00:00:00.000000,13.7,1935,02
1068,1935-01-01 00:00:00.000000,13.6,1935,01
1069,1934-12-01 00:00:00.000000,13.4,1934,12
1070,1934-11-01 00:00:00.000000,13.5,1934,11
1071,1934-10-01 00:00:00.000000,13.5,1934,10
1072,1934-09-01 00:00:00.000000,13.6,1934,09
1073,1934-08-01 00:00:00.000000,13.4,1934,08
1074,1934-07-01 00:00:00.000000,13.4,1934,07
1075,1934-06-01 00:00:00.000000,13.4,1934,06
1076,1934-05-01 00:00:00.000000,13.3,1934,05
1077,1934-04-01 00:00:00.000000,13.3,1934,04
1078,1934-03-01 00:00:00.000000,13.3,1934,03
1079,1934-02-01 00:00:00.000000,13.3,1934,02
1080,1934-01-01 00:00:00.000000,13.2,1934,01
1081,1933-12-01 00:00:00.000000,13.2,1933,12
1082,1933-11-01 00:00:00.000000,13.2,1933,11
1083,1933-10-01 00:00:00.000000,13.2,1933,10
1084,1933-09-01 00:00:00.000000,13.2,1933,09
1085,1933-08-01 00:00:00.000000,13.2,1933,08
1086,1933-07-01 00:00:00.000000,13.1,1933,07
1087,1933-06-01 00:00:00.000000,12.7,1933,06
1088,1933-05-01 00:00:00.000000,12.6,1933,05
1089,1933-04-01 00:00:00.000000,12.6,1933,04
1090,1933-03-01 00:00:00.000000,12.6,1933,03
1091,1933-02-01 00:00:00.000000,12.7,1933,02
1092,1933-01-01 00:00:00.000000,12.9,1933,01
1093,1932-12-01 00:00:00.000000,13.1,1932,12
1094,1932-11-01 00:00:00.000000,13.2,1932,11
1095,1932-10-01 00:00:00.000000,13.3,1932,10
1096,1932-09-01 00:00:00.000000,13.4,1932,09
1097,1932-08-01 00:00:00.000000,13.5,1932,08
1098,1932-07-01 00:00:00.000000,13.6,1932,07
1099,1932-06-01 00:00:00.000000,13.6,1932,06
1100,1932-05-01 00:00:00.000000,13.7,1932,05
1101,1932-04-01 00:00:00.000000,13.9,1932,04
1102,1932-03-01 00:00:00.000000,14.0,1932,03
1103,1932-02-01 00:00:00.000000,14.1,1932,02
1104,1932-01-01 00:00:00.000000,14.3,1932,01
1105,1931-12-01 00:00:00.000000,14.6,1931,12
1106,1931-11-01 00:00:00.000000,14.7,1931,11
1107,1931-10-01 00:00:00.000000,14.9,1931,10
1108,1931-09-01 00:00:00.000000,15.0,1931,09
1109,1931-08-01 00:00:00.000000,15.1,1931,08
1110,1931-07-01 00:00:00.000000,15.1,1931,07
1111,1931-06-01 00:00:00.000000,15.1,1931,06
1112,1931-05-01 00:00:00.000000,15.3,1931,05
1113,1931-04-01 00:00:00.000000,15.5,1931,04
1114,1931-03-01 00:00:00.000000,15.6,1931,03
1115,1931-02-01 00:00:00.000000,15.7,1931,02
1116,1931-01-01 00:00:00.000000,15.9,1931,01
1117,1930-12-01 00:00:00.000000,16.1,1930,12
1118,1930-11-01 00:00:00.000000,16.4,1930,11
1119,1930-10-01 00:00:00.000000,16.5,1930,10
1120,1930-09-01 00:00:00.000000,16.6,1930,09
1121,1930-08-01 00:00:00.000000,16.5,1930,08
1122,1930-07-01 00:00:00.000000,16.6,1930,07
1123,1930-06-01 00:00:00.000000,16.8,1930,06
1124,1930-05-01 00:00:00.000000,16.9,1930,05
1125,1930-04-01 00:00:00.000000,17.0,1930,04
1126,1930-03-01 00:00:00.000000,16.9,1930,03
1127,1930-02-01 00:00:00.000000,17.0,1930,02
1128,1930-01-01 00:00:00.000000,17.1,1930,01
1129,1929-12-01 00:00:00.000000,17.2,1929,12
1130,1929-11-01 00:00:00.000000,17.3,1929,11
1131,1929-10-01 00:00:00.000000,17.3,1929,10
1132,1929-09-01 00:00:00.000000,17.3,1929,09
1133,1929-08-01 00:00:00.000000,17.3,1929,08
1134,1929-07-01 00:00:00.000000,17.3,1929,07
1135,1929-06-01 00:00:00.000000,17.1,1929,06
1136,1929-05-01 00:00:00.000000,17.0,1929,05
1137,1929-04-01 00:00:00.000000,16.9,1929,04
1138,1929-03-01 00:00:00.000000,17.0,1929,03
1139,1929-02-01 00:00:00.000000,17.1,1929,02
1140,1929-01-01 00:00:00.000000,17.1,1929,01
1141,1928-12-01 00:00:00.000000,17.1,1928,12
1142,1928-11-01 00:00:00.000000,17.2,1928,11
1143,1928-10-01 00:00:00.000000,17.2,1928,10
1144,1928-09-01 00:00:00.000000,17.3,1928,09
1145,1928-08-01 00:00:00.000000,17.1,1928,08
1146,1928-07-01 00:00:00.000000,17.1,1928,07
1147,1928-06-01 00:00:00.000000,17.1,1928,06
1148,1928-05-01 00:00:00.000000,17.2,1928,05
1149,1928-04-01 00:00:00.000000,17.1,1928,04
1150,1928-03-01 00:00:00.000000,17.1,1928,03
1151,1928-02-01 00:00:00.000000,17.1,1928,02
1152,1928-01-01 00:00:00.000000,17.3,1928,01
1153,1927-12-01 00:00:00.000000,17.3,1927,12
1154,1927-11-01 00:00:00.000000,17.3,1927,11
1155,1927-10-01 00:00:00.000000,17.4,1927,10
1156,1927-09-01 00:00:00.000000,17.3,1927,09
1157,1927-08-01 00:00:00.000000,17.2,1927,08
1158,1927-07-01 00:00:00.000000,17.3,1927,07
1159,1927-06-01 00:00:00.000000,17.6,1927,06
1160,1927-05-01 00:00:00.000000,17.4,1927,05
1161,1927-04-01 00:00:00.000000,17.3,1927,04
1162,1927-03-01 00:00:00.000000,17.3,1927,03
1163,1927-02-01 00:00:00.000000,17.4,1927,02
1164,1927-01-01 00:00:00.000000,17.5,1927,01
1165,1926-12-01 00:00:00.000000,17.7,1926,12
1166,1926-11-01 00:00:00.000000,17.7,1926,11
1167,1926-10-01 00:00:00.000000,17.6,1926,10
1168,1926-09-01 00:00:00.000000,17.5,1926,09
1169,1926-08-01 00:00:00.000000,17.4,1926,08
1170,1926-07-01 00:00:00.000000,17.5,1926,07
1171,1926-06-01 00:00:00.000000,17.7,1926,06
1172,1926-05-01 00:00:00.000000,17.8,1926,05
1173,1926-04-01 00:00:00.000000,17.9,1926,04
1174,1926-03-01 00:00:00.000000,17.8,1926,03
1175,1926-02-01 00:00:00.000000,17.9,1926,02
1176,1926-01-01 00:00:00.000000,17.9,1926,01
1177,1925-12-01 00:00:00.000000,17.9,1925,12
1178,1925-11-01 00:00:00.000000,18.0,1925,11
1179,1925-10-01 00:00:00.000000,17.7,1925,10
1180,1925-09-01 00:00:00.000000,17.7,1925,09
1181,1925-08-01 00:00:00.000000,17.7,1925,08
1182,1925-07-01 00:00:00.000000,17.7,1925,07
1183,1925-06-01 00:00:00.000000,17.5,1925,06
1184,1925-05-01 00:00:00.000000,17.3,1925,05
1185,1925-04-01 00:00:00.000000,17.2,1925,04
1186,1925-03-01 00:00:00.000000,17.3,1925,03
1187,1925-02-01 00:00:00.000000,17.2,1925,02
1188,1925-01-01 00:00:00.000000,17.3,1925,01
1189,1924-12-01 00:00:00.000000,17.3,1924,12
1190,1924-11-01 00:00:00.000000,17.2,1924,11
1191,1924-10-01 00:00:00.000000,17.2,1924,10
1192,1924-09-01 00:00:00.000000,17.1,1924,09
1193,1924-08-01 00:00:00.000000,17.0,1924,08
1194,1924-07-01 00:00:00.000000,17.1,1924,07
1195,1924-06-01 00:00:00.000000,17.0,1924,06
1196,1924-05-01 00:00:00.000000,17.0,1924,05
1197,1924-04-01 00:00:00.000000,17.0,1924,04
1198,1924-03-01 00:00:00.000000,17.1,1924,03
1199,1924-02-01 00:00:00.000000,17.2,1924,02
1200,1924-01-01 00:00:00.000000,17.3,1924,01
1201,1923-12-01 00:00:00.000000,17.3,1923,12
1202,1923-11-01 00:00:00.000000,17.3,1923,11
1203,1923-10-01 00:00:00.000000,17.3,1923,10
1204,1923-09-01 00:00:00.000000,17.2,1923,09
1205,1923-08-01 00:00:00.000000,17.1,1923,08
1206,1923-07-01 00:00:00.000000,17.2,1923,07
1207,1923-06-01 00:00:00.000000,17.0,1923,06
1208,1923-05-01 00:00:00.000000,16.9,1923,05
1209,1923-04-01 00:00:00.000000,16.9,1923,04
1210,1923-03-01 00:00:00.000000,16.8,1923,03
1211,1923-02-01 00:00:00.000000,16.8,1923,02
1212,1923-01-01 00:00:00.000000,16.8,1923,01
1213,1922-12-01 00:00:00.000000,16.9,1922,12
1214,1922-11-01 00:00:00.000000,16.8,1922,11
1215,1922-10-01 00:00:00.000000,16.7,1922,10
1216,1922-09-01 00:00:00.000000,16.6,1922,09
1217,1922-08-01 00:00:00.000000,16.6,1922,08
1218,1922-07-01 00:00:00.000000,16.8,1922,07
1219,1922-06-01 00:00:00.000000,16.7,1922,06
1220,1922-05-01 00:00:00.000000,16.7,1922,05
1221,1922-04-01 00:00:00.000000,16.7,1922,04
1222,1922-03-01 00:00:00.000000,16.7,1922,03
1223,1922-02-01 00:00:00.000000,16.9,1922,02
1224,1922-01-01 00:00:00.000000,16.9,1922,01
1225,1921-12-01 00:00:00.000000,17.3,1921,12
1226,1921-11-01 00:00:00.000000,17.4,1921,11
1227,1921-10-01 00:00:00.000000,17.5,1921,10
1228,1921-09-01 00:00:00.000000,17.5,1921,09
1229,1921-08-01 00:00:00.000000,17.7,1921,08
1230,1921-07-01 00:00:00.000000,17.7,1921,07
1231,1921-06-01 00:00:00.000000,17.6,1921,06
1232,1921-05-01 00:00:00.000000,17.7,1921,05
1233,1921-04-01 00:00:00.000000,18.1,1921,04
1234,1921-03-01 00:00:00.000000,18.3,1921,03
1235,1921-02-01 00:00:00.000000,18.4,1921,02
1236,1921-01-01 00:00:00.000000,19.0,1921,01
1237,1920-12-01 00:00:00.000000,19.4,1920,12
1238,1920-11-01 00:00:00.000000,19.8,1920,11
1239,1920-10-01 00:00:00.000000,19.9,1920,10
1240,1920-09-01 00:00:00.000000,20.0,1920,09
1241,1920-08-01 00:00:00.000000,20.3,1920,08
1242,1920-07-01 00:00:00.000000,20.8,1920,07
1243,1920-06-01 00:00:00.000000,20.9,1920,06
1244,1920-05-01 00:00:00.000000,20.6,1920,05
1245,1920-04-01 00:00:00.000000,20.3,1920,04
1246,1920-03-01 00:00:00.000000,19.7,1920,03
1247,1920-02-01 00:00:00.000000,19.5,1920,02
1248,1920-01-01 00:00:00.000000,19.3,1920,01
1249,1919-12-01 00:00:00.000000,18.9,1919,12
1250,1919-11-01 00:00:00.000000,18.5,1919,11
1251,1919-10-01 00:00:00.000000,18.1,1919,10
1252,1919-09-01 00:00:00.000000,17.8,1919,09
1253,1919-08-01 00:00:00.000000,17.7,1919,08
1254,1919-07-01 00:00:00.000000,17.4,1919,07
1255,1919-06-01 00:00:00.000000,16.9,1919,06
1256,1919-05-01 00:00:00.000000,16.9,1919,05
1257,1919-04-01 00:00:00.000000,16.7,1919,04
1258,1919-03-01 00:00:00.000000,16.4,1919,03
1259,1919-02-01 00:00:00.000000,16.2,1919,02
1260,1919-01-01 00:00:00.000000,16.5,1919,01
1261,1918-12-01 00:00:00.000000,16.5,1918,12
1262,1918-11-01 00:00:00.000000,16.3,1918,11
1263,1918-10-01 00:00:00.000000,16.0,1918,10
1264,1918-09-01 00:00:00.000000,15.7,1918,09
1265,1918-08-01 00:00:00.000000,15.4,1918,08
1266,1918-07-01 00:00:00.000000,15.1,1918,07
1267,1918-06-01 00:00:00.000000,14.7,1918,06
1268,1918-05-01 00:00:00.000000,14.5,1918,05
1269,1918-04-01 00:00:00.000000,14.2,1918,04
1270,1918-03-01 00:00:00.000000,14.0,1918,03
1271,1918-02-01 00:00:00.000000,14.1,1918,02
1272,1918-01-01 00:00:00.000000,14.0,1918,01
1273,1917-12-01 00:00:00.000000,13.7,1917,12
1274,1917-11-01 00:00:00.000000,13.5,1917,11
1275,1917-10-01 00:00:00.000000,13.5,1917,10
1276,1917-09-01 00:00:00.000000,13.3,1917,09
1277,1917-08-01 00:00:00.000000,13.0,1917,08
1278,1917-07-01 00:00:00.000000,12.8,1917,07
1279,1917-06-01 00:00:00.000000,13.0,1917,06
1280,1917-05-01 00:00:00.000000,12.8,1917,05
1281,1917-04-01 00:00:00.000000,12.6,1917,04
1282,1917-03-01 00:00:00.000000,12.0,1917,03
1283,1917-02-01 00:00:00.000000,12.0,1917,02
1284,1917-01-01 00:00:00.000000,11.7,1917,01
1285,1916-12-01 00:00:00.000000,11.6,1916,12
1286,1916-11-01 00:00:00.000000,11.5,1916,11
1287,1916-10-01 00:00:00.000000,11.3,1916,10
1288,1916-09-01 00:00:00.000000,11.1,1916,09
1289,1916-08-01 00:00:00.000000,10.9,1916,08
1290,1916-07-01 00:00:00.000000,10.8,1916,07
1291,1916-06-01 00:00:00.000000,10.8,1916,06
1292,1916-05-01 00:00:00.000000,10.7,1916,05
1293,1916-04-01 00:00:00.000000,10.6,1916,04
1294,1916-03-01 00:00:00.000000,10.5,1916,03
1295,1916-02-01 00:00:00.000000,10.4,1916,02
1296,1916-01-01 00:00:00.000000,10.4,1916,01
1297,1915-12-01 00:00:00.000000,10.3,1915,12
1298,1915-11-01 00:00:00.000000,10.3,1915,11
1299,1915-10-01 00:00:00.000000,10.2,1915,10
1300,1915-09-01 00:00:00.000000,10.1,1915,09
1301,1915-08-01 00:00:00.000000,10.1,1915,08
1302,1915-07-01 00:00:00.000000,10.1,1915,07
1303,1915-06-01 00:00:00.000000,10.1,1915,06
1304,1915-05-01 00:00:00.000000,10.1,1915,05
1305,1915-04-01 00:00:00.000000,10.0,1915,04
1306,1915-03-01 00:00:00.000000,9.9,1915,03
1307,1915-02-01 00:00:00.000000,10.0,1915,02
1308,1915-01-01 00:00:00.000000,10.1,1915,01
1309,1914-12-01 00:00:00.000000,10.1,1914,12
1310,1914-11-01 00:00:00.000000,10.2,1914,11
1311,1914-10-01 00:00:00.000000,10.1,1914,10
1312,1914-09-01 00:00:00.000000,10.2,1914,09
1313,1914-08-01 00:00:00.000000,10.2,1914,08
1314,1914-07-01 00:00:00.000000,10.0,1914,07
1315,1914-06-01 00:00:00.000000,9.9,1914,06
1316,1914-05-01 00:00:00.000000,9.9,1914,05
1317,1914-04-01 00:00:00.000000,9.8,1914,04
1318,1914-03-01 00:00:00.000000,9.9,1914,03
1319,1914-02-01 00:00:00.000000,9.9,1914,02
1320,1914-01-01 00:00:00.000000,10.0,1914,01
1321,1913-12-01 00:00:00.000000,10.0,1913,12
1322,1913-11-01 00:00:00.000000,10.1,1913,11
1323,1913-10-01 00:00:00.000000,10.0,1913,10
1324,1913-09-01 00:00:00.000000,10.0,1913,09
1325,1913-08-01 00:00:00.000000,9.9,1913,08
1326,1913-07-01 00:00:00.000000,9.9,1913,07
1327,1913-06-01 00:00:00.000000,9.8,1913,06
1328,1913-05-01 00:00:00.000000,9.7,1913,05
1329,1913-04-01 00:00:00.000000,9.8,1913,04
1330,1913-03-01 00:00:00.000000,9.8,1913,03
1331,1913-02-01 00:00:00.000000,9.8,1913,02
1332,1913-01-01 00:00:00.000000,9.8,1913,01
