,date,unemp_value,unemp_year,unemp_month
0,2024-01-01 00:00:00.000000,3.7,2024,01
1,2023-12-01 00:00:00.000000,3.7,2023,12
2,2023-11-01 00:00:00.000000,3.7,2023,11
3,2023-10-01 00:00:00.000000,3.8,2023,10
4,2023-09-01 00:00:00.000000,3.8,2023,09
5,2023-08-01 00:00:00.000000,3.8,2023,08
6,2023-07-01 00:00:00.000000,3.5,2023,07
7,2023-06-01 00:00:00.000000,3.6,2023,06
8,2023-05-01 00:00:00.000000,3.7,2023,05
9,2023-04-01 00:00:00.000000,3.4,2023,04
10,2023-03-01 00:00:00.000000,3.5,2023,03
11,2023-02-01 00:00:00.000000,3.6,2023,02
12,2023-01-01 00:00:00.000000,3.4,2023,01
13,2022-12-01 00:00:00.000000,3.5,2022,12
14,2022-11-01 00:00:00.000000,3.6,2022,11
15,2022-10-01 00:00:00.000000,3.6,2022,10
16,2022-09-01 00:00:00.000000,3.5,2022,09
17,2022-08-01 00:00:00.000000,3.6,2022,08
18,2022-07-01 00:00:00.000000,3.5,2022,07
19,2022-06-01 00:00:00.000000,3.6,2022,06
20,2022-05-01 00:00:00.000000,3.6,2022,05
21,2022-04-01 00:00:00.000000,3.7,2022,04
22,2022-03-01 00:00:00.000000,3.6,2022,03
23,2022-02-01 00:00:00.000000,3.8,2022,02
24,2022-01-01 00:00:00.000000,4.0,2022,01
25,2021-12-01 00:00:00.000000,3.9,2021,12
26,2021-11-01 00:00:00.000000,4.1,2021,11
27,2021-10-01 00:00:00.000000,4.5,2021,10
28,2021-09-01 00:00:00.000000,4.7,2021,09
29,2021-08-01 00:00:00.000000,5.1,2021,08
30,2021-07-01 00:00:00.000000,5.4,2021,07
31,2021-06-01 00:00:00.000000,5.9,2021,06
32,2021-05-01 00:00:00.000000,5.8,2021,05
33,2021-04-01 00:00:00.000000,6.1,2021,04
34,2021-03-01 00:00:00.000000,6.1,2021,03
35,2021-02-01 00:00:00.000000,6.2,2021,02
36,2021-01-01 00:00:00.000000,6.4,2021,01
37,2020-12-01 00:00:00.000000,6.7,2020,12
38,2020-11-01 00:00:00.000000,6.7,2020,11
39,2020-10-01 00:00:00.000000,6.8,2020,10
40,2020-09-01 00:00:00.000000,7.8,2020,09
41,2020-08-01 00:00:00.000000,8.4,2020,08
42,2020-07-01 00:00:00.000000,10.2,2020,07
43,2020-06-01 00:00:00.000000,11.0,2020,06
44,2020-05-01 00:00:00.000000,13.2,2020,05
45,2020-04-01 00:00:00.000000,14.8,2020,04
46,2020-03-01 00:00:00.000000,4.4,2020,03
47,2020-02-01 00:00:00.000000,3.5,2020,02
48,2020-01-01 00:00:00.000000,3.6,2020,01
49,2019-12-01 00:00:00.000000,3.6,2019,12
50,2019-11-01 00:00:00.000000,3.6,2019,11
51,2019-10-01 00:00:00.000000,3.6,2019,10
52,2019-09-01 00:00:00.000000,3.5,2019,09
53,2019-08-01 00:00:00.000000,3.6,2019,08
54,2019-07-01 00:00:00.000000,3.7,2019,07
55,2019-06-01 00:00:00.000000,3.6,2019,06
56,2019-05-01 00:00:00.000000,3.6,2019,05
57,2019-04-01 00:00:00.000000,3.7,2019,04
58,2019-03-01 00:00:00.000000,3.8,2019,03
59,2019-02-01 00:00:00.000000,3.8,2019,02
60,2019-01-01 00:00:00.000000,4.0,2019,01
61,2018-12-01 00:00:00.000000,3.9,2018,12
62,2018-11-01 00:00:00.000000,3.8,2018,11
63,2018-10-01 00:00:00.000000,3.8,2018,10
64,2018-09-01 00:00:00.000000,3.7,2018,09
65,2018-08-01 00:00:00.000000,3.8,2018,08
66,2018-07-01 00:00:00.000000,3.8,2018,07
67,2018-06-01 00:00:00.000000,4.0,2018,06
68,2018-05-01 00:00:00.000000,3.8,2018,05
69,2018-04-01 00:00:00.000000,4.0,2018,04
70,2018-03-01 00:00:00.000000,4.0,2018,03
71,2018-02-01 00:00:00.000000,4.1,2018,02
72,2018-01-01 00:00:00.000000,4.0,2018,01
73,2017-12-01 00:00:00.000000,4.1,2017,12
74,2017-11-01 00:00:00.000000,4.2,2017,11
75,2017-10-01 00:00:00.000000,4.2,2017,10
76,2017-09-01 00:00:00.000000,4.3,2017,09
77,2017-08-01 00:00:00.000000,4.4,2017,08
78,2017-07-01 00:00:00.000000,4.3,2017,07
79,2017-06-01 00:00:00.000000,4.3,2017,06
80,2017-05-01 00:00:00.000000,4.4,2017,05
81,2017-04-01 00:00:00.000000,4.4,2017,04
82,2017-03-01 00:00:00.000000,4.4,2017,03
83,2017-02-01 00:00:00.000000,4.6,2017,02
84,2017-01-01 00:00:00.000000,4.7,2017,01
85,2016-12-01 00:00:00.000000,4.7,2016,12
86,2016-11-01 00:00:00.000000,4.7,2016,11
87,2016-10-01 00:00:00.000000,4.9,2016,10
88,2016-09-01 00:00:00.000000,5.0,2016,09
89,2016-08-01 00:00:00.000000,4.9,2016,08
90,2016-07-01 00:00:00.000000,4.8,2016,07
91,2016-06-01 00:00:00.000000,4.9,2016,06
92,2016-05-01 00:00:00.000000,4.8,2016,05
93,2016-04-01 00:00:00.000000,5.1,2016,04
94,2016-03-01 00:00:00.000000,5.0,2016,03
95,2016-02-01 00:00:00.000000,4.9,2016,02
96,2016-01-01 00:00:00.000000,4.8,2016,01
97,2015-12-01 00:00:00.000000,5.0,2015,12
98,2015-11-01 00:00:00.000000,5.1,2015,11
99,2015-10-01 00:00:00.000000,5.0,2015,10
100,2015-09-01 00:00:00.000000,5.0,2015,09
101,2015-08-01 00:00:00.000000,5.1,2015,08
102,2015-07-01 00:00:00.000000,5.2,2015,07
103,2015-06-01 00:00:00.000000,5.3,2015,06
104,2015-05-01 00:00:00.000000,5.6,2015,05
105,2015-04-01 00:00:00.000000,5.4,2015,04
106,2015-03-01 00:00:00.000000,5.4,2015,03
107,2015-02-01 00:00:00.000000,5.5,2015,02
108,2015-01-01 00:00:00.000000,5.7,2015,01
109,2014-12-01 00:00:00.000000,5.6,2014,12
110,2014-11-01 00:00:00.000000,5.8,2014,11
111,2014-10-01 00:00:00.000000,5.7,2014,10
112,2014-09-01 00:00:00.000000,5.9,2014,09
113,2014-08-01 00:00:00.000000,6.1,2014,08
114,2014-07-01 00:00:00.000000,6.2,2014,07
115,2014-06-01 00:00:00.000000,6.1,2014,06
116,2014-05-01 00:00:00.000000,6.3,2014,05
117,2014-04-01 00:00:00.000000,6.2,2014,04
118,2014-03-01 00:00:00.000000,6.7,2014,03
119,2014-02-01 00:00:00.000000,6.7,2014,02
120,2014-01-01 00:00:00.000000,6.6,2014,01
121,2013-12-01 00:00:00.000000,6.7,2013,12
122,2013-11-01 00:00:00.000000,6.9,2013,11
123,2013-10-01 00:00:00.000000,7.2,2013,10
124,2013-09-01 00:00:00.000000,7.2,2013,09
125,2013-08-01 00:00:00.000000,7.2,2013,08
126,2013-07-01 00:00:00.000000,7.3,2013,07
127,2013-06-01 00:00:00.000000,7.5,2013,06
128,2013-05-01 00:00:00.000000,7.5,2013,05
129,2013-04-01 00:00:00.000000,7.6,2013,04
130,2013-03-01 00:00:00.000000,7.5,2013,03
131,2013-02-01 00:00:00.000000,7.7,2013,02
132,2013-01-01 00:00:00.000000,8.0,2013,01
133,2012-12-01 00:00:00.000000,7.9,2012,12
134,2012-11-01 00:00:00.000000,7.7,2012,11
135,2012-10-01 00:00:00.000000,7.8,2012,10
136,2012-09-01 00:00:00.000000,7.8,2012,09
137,2012-08-01 00:00:00.000000,8.1,2012,08
138,2012-07-01 00:00:00.000000,8.2,2012,07
139,2012-06-01 00:00:00.000000,8.2,2012,06
140,2012-05-01 00:00:00.000000,8.2,2012,05
141,2012-04-01 00:00:00.000000,8.2,2012,04
142,2012-03-01 00:00:00.000000,8.2,2012,03
143,2012-02-01 00:00:00.000000,8.3,2012,02
144,2012-01-01 00:00:00.000000,8.3,2012,01
145,2011-12-01 00:00:00.000000,8.5,2011,12
146,2011-11-01 00:00:00.000000,8.6,2011,11
147,2011-10-01 00:00:00.000000,8.8,2011,10
148,2011-09-01 00:00:00.000000,9.0,2011,09
149,2011-08-01 00:00:00.000000,9.0,2011,08
150,2011-07-01 00:00:00.000000,9.0,2011,07
151,2011-06-01 00:00:00.000000,9.1,2011,06
152,2011-05-01 00:00:00.000000,9.0,2011,05
153,2011-04-01 00:00:00.000000,9.1,2011,04
154,2011-03-01 00:00:00.000000,9.0,2011,03
155,2011-02-01 00:00:00.000000,9.0,2011,02
156,2011-01-01 00:00:00.000000,9.1,2011,01
157,2010-12-01 00:00:00.000000,9.3,2010,12
158,2010-11-01 00:00:00.000000,9.8,2010,11
159,2010-10-01 00:00:00.000000,9.4,2010,10
160,2010-09-01 00:00:00.000000,9.5,2010,09
161,2010-08-01 00:00:00.000000,9.5,2010,08
162,2010-07-01 00:00:00.000000,9.4,2010,07
163,2010-06-01 00:00:00.000000,9.4,2010,06
164,2010-05-01 00:00:00.000000,9.6,2010,05
165,2010-04-01 00:00:00.000000,9.9,2010,04
166,2010-03-01 00:00:00.000000,9.9,2010,03
167,2010-02-01 00:00:00.000000,9.8,2010,02
168,2010-01-01 00:00:00.000000,9.8,2010,01
169,2009-12-01 00:00:00.000000,9.9,2009,12
170,2009-11-01 00:00:00.000000,9.9,2009,11
171,2009-10-01 00:00:00.000000,10.0,2009,10
172,2009-09-01 00:00:00.000000,9.8,2009,09
173,2009-08-01 00:00:00.000000,9.6,2009,08
174,2009-07-01 00:00:00.000000,9.5,2009,07
175,2009-06-01 00:00:00.000000,9.5,2009,06
176,2009-05-01 00:00:00.000000,9.4,2009,05
177,2009-04-01 00:00:00.000000,9.0,2009,04
178,2009-03-01 00:00:00.000000,8.7,2009,03
179,2009-02-01 00:00:00.000000,8.3,2009,02
180,2009-01-01 00:00:00.000000,7.8,2009,01
181,2008-12-01 00:00:00.000000,7.3,2008,12
182,2008-11-01 00:00:00.000000,6.8,2008,11
183,2008-10-01 00:00:00.000000,6.5,2008,10
184,2008-09-01 00:00:00.000000,6.1,2008,09
185,2008-08-01 00:00:00.000000,6.1,2008,08
186,2008-07-01 00:00:00.000000,5.8,2008,07
187,2008-06-01 00:00:00.000000,5.6,2008,06
188,2008-05-01 00:00:00.000000,5.4,2008,05
189,2008-04-01 00:00:00.000000,5.0,2008,04
190,2008-03-01 00:00:00.000000,5.1,2008,03
191,2008-02-01 00:00:00.000000,4.9,2008,02
192,2008-01-01 00:00:00.000000,5.0,2008,01
193,2007-12-01 00:00:00.000000,5.0,2007,12
194,2007-11-01 00:00:00.000000,4.7,2007,11
195,2007-10-01 00:00:00.000000,4.7,2007,10
196,2007-09-01 00:00:00.000000,4.7,2007,09
197,2007-08-01 00:00:00.000000,4.6,2007,08
198,2007-07-01 00:00:00.000000,4.7,2007,07
199,2007-06-01 00:00:00.000000,4.6,2007,06
200,2007-05-01 00:00:00.000000,4.4,2007,05
201,2007-04-01 00:00:00.000000,4.5,2007,04
202,2007-03-01 00:00:00.000000,4.4,2007,03
203,2007-02-01 00:00:00.000000,4.5,2007,02
204,2007-01-01 00:00:00.000000,4.6,2007,01
205,2006-12-01 00:00:00.000000,4.4,2006,12
206,2006-11-01 00:00:00.000000,4.5,2006,11
207,2006-10-01 00:00:00.000000,4.4,2006,10
208,2006-09-01 00:00:00.000000,4.5,2006,09
209,2006-08-01 00:00:00.000000,4.7,2006,08
210,2006-07-01 00:00:00.000000,4.7,2006,07
211,2006-06-01 00:00:00.000000,4.6,2006,06
212,2006-05-01 00:00:00.000000,4.6,2006,05
213,2006-04-01 00:00:00.000000,4.7,2006,04
214,2006-03-01 00:00:00.000000,4.7,2006,03
215,2006-02-01 00:00:00.000000,4.8,2006,02
216,2006-01-01 00:00:00.000000,4.7,2006,01
217,2005-12-01 00:00:00.000000,4.9,2005,12
218,2005-11-01 00:00:00.000000,5.0,2005,11
219,2005-10-01 00:00:00.000000,5.0,2005,10
220,2005-09-01 00:00:00.000000,5.0,2005,09
221,2005-08-01 00:00:00.000000,4.9,2005,08
222,2005-07-01 00:00:00.000000,5.0,2005,07
223,2005-06-01 00:00:00.000000,5.0,2005,06
224,2005-05-01 00:00:00.000000,5.1,2005,05
225,2005-04-01 00:00:00.000000,5.2,2005,04
226,2005-03-01 00:00:00.000000,5.2,2005,03
227,2005-02-01 00:00:00.000000,5.4,2005,02
228,2005-01-01 00:00:00.000000,5.3,2005,01
229,2004-12-01 00:00:00.000000,5.4,2004,12
230,2004-11-01 00:00:00.000000,5.4,2004,11
231,2004-10-01 00:00:00.000000,5.5,2004,10
232,2004-09-01 00:00:00.000000,5.4,2004,09
233,2004-08-01 00:00:00.000000,5.4,2004,08
234,2004-07-01 00:00:00.000000,5.5,2004,07
235,2004-06-01 00:00:00.000000,5.6,2004,06
236,2004-05-01 00:00:00.000000,5.6,2004,05
237,2004-04-01 00:00:00.000000,5.6,2004,04
238,2004-03-01 00:00:00.000000,5.8,2004,03
239,2004-02-01 00:00:00.000000,5.6,2004,02
240,2004-01-01 00:00:00.000000,5.7,2004,01
241,2003-12-01 00:00:00.000000,5.7,2003,12
242,2003-11-01 00:00:00.000000,5.8,2003,11
243,2003-10-01 00:00:00.000000,6.0,2003,10
244,2003-09-01 00:00:00.000000,6.1,2003,09
245,2003-08-01 00:00:00.000000,6.1,2003,08
246,2003-07-01 00:00:00.000000,6.2,2003,07
247,2003-06-01 00:00:00.000000,6.3,2003,06
248,2003-05-01 00:00:00.000000,6.1,2003,05
249,2003-04-01 00:00:00.000000,6.0,2003,04
250,2003-03-01 00:00:00.000000,5.9,2003,03
251,2003-02-01 00:00:00.000000,5.9,2003,02
252,2003-01-01 00:00:00.000000,5.8,2003,01
253,2002-12-01 00:00:00.000000,6.0,2002,12
254,2002-11-01 00:00:00.000000,5.9,2002,11
255,2002-10-01 00:00:00.000000,5.7,2002,10
256,2002-09-01 00:00:00.000000,5.7,2002,09
257,2002-08-01 00:00:00.000000,5.7,2002,08
258,2002-07-01 00:00:00.000000,5.8,2002,07
259,2002-06-01 00:00:00.000000,5.8,2002,06
260,2002-05-01 00:00:00.000000,5.8,2002,05
261,2002-04-01 00:00:00.000000,5.9,2002,04
262,2002-03-01 00:00:00.000000,5.7,2002,03
263,2002-02-01 00:00:00.000000,5.7,2002,02
264,2002-01-01 00:00:00.000000,5.7,2002,01
265,2001-12-01 00:00:00.000000,5.7,2001,12
266,2001-11-01 00:00:00.000000,5.5,2001,11
267,2001-10-01 00:00:00.000000,5.3,2001,10
268,2001-09-01 00:00:00.000000,5.0,2001,09
269,2001-08-01 00:00:00.000000,4.9,2001,08
270,2001-07-01 00:00:00.000000,4.6,2001,07
271,2001-06-01 00:00:00.000000,4.5,2001,06
272,2001-05-01 00:00:00.000000,4.3,2001,05
273,2001-04-01 00:00:00.000000,4.4,2001,04
274,2001-03-01 00:00:00.000000,4.3,2001,03
275,2001-02-01 00:00:00.000000,4.2,2001,02
276,2001-01-01 00:00:00.000000,4.2,2001,01
277,2000-12-01 00:00:00.000000,3.9,2000,12
278,2000-11-01 00:00:00.000000,3.9,2000,11
279,2000-10-01 00:00:00.000000,3.9,2000,10
280,2000-09-01 00:00:00.000000,3.9,2000,09
281,2000-08-01 00:00:00.000000,4.1,2000,08
282,2000-07-01 00:00:00.000000,4.0,2000,07
283,2000-06-01 00:00:00.000000,4.0,2000,06
284,2000-05-01 00:00:00.000000,4.0,2000,05
285,2000-04-01 00:00:00.000000,3.8,2000,04
286,2000-03-01 00:00:00.000000,4.0,2000,03
287,2000-02-01 00:00:00.000000,4.1,2000,02
288,2000-01-01 00:00:00.000000,4.0,2000,01
289,1999-12-01 00:00:00.000000,4.0,1999,12
290,1999-11-01 00:00:00.000000,4.1,1999,11
291,1999-10-01 00:00:00.000000,4.1,1999,10
292,1999-09-01 00:00:00.000000,4.2,1999,09
293,1999-08-01 00:00:00.000000,4.2,1999,08
294,1999-07-01 00:00:00.000000,4.3,1999,07
295,1999-06-01 00:00:00.000000,4.3,1999,06
296,1999-05-01 00:00:00.000000,4.2,1999,05
297,1999-04-01 00:00:00.000000,4.3,1999,04
298,1999-03-01 00:00:00.000000,4.2,1999,03
299,1999-02-01 00:00:00.000000,4.4,1999,02
300,1999-01-01 00:00:00.000000,4.3,1999,01
301,1998-12-01 00:00:00.000000,4.4,1998,12
302,1998-11-01 00:00:00.000000,4.4,1998,11
303,1998-10-01 00:00:00.000000,4.5,1998,10
304,1998-09-01 00:00:00.000000,4.6,1998,09
305,1998-08-01 00:00:00.000000,4.5,1998,08
306,1998-07-01 00:00:00.000000,4.5,1998,07
307,1998-06-01 00:00:00.000000,4.5,1998,06
308,1998-05-01 00:00:00.000000,4.4,1998,05
309,1998-04-01 00:00:00.000000,4.3,1998,04
310,1998-03-01 00:00:00.000000,4.7,1998,03
311,1998-02-01 00:00:00.000000,4.6,1998,02
312,1998-01-01 00:00:00.000000,4.6,1998,01
313,1997-12-01 00:00:00.000000,4.7,1997,12
314,1997-11-01 00:00:00.000000,4.6,1997,11
315,1997-10-01 00:00:00.000000,4.7,1997,10
316,1997-09-01 00:00:00.000000,4.9,1997,09
317,1997-08-01 00:00:00.000000,4.8,1997,08
318,1997-07-01 00:00:00.000000,4.9,1997,07
319,1997-06-01 00:00:00.000000,5.0,1997,06
320,1997-05-01 00:00:00.000000,4.9,1997,05
321,1997-04-01 00:00:00.000000,5.1,1997,04
322,1997-03-01 00:00:00.000000,5.2,1997,03
323,1997-02-01 00:00:00.000000,5.2,1997,02
324,1997-01-01 00:00:00.000000,5.3,1997,01
325,1996-12-01 00:00:00.000000,5.4,1996,12
326,1996-11-01 00:00:00.000000,5.4,1996,11
327,1996-10-01 00:00:00.000000,5.2,1996,10
328,1996-09-01 00:00:00.000000,5.2,1996,09
329,1996-08-01 00:00:00.000000,5.1,1996,08
330,1996-07-01 00:00:00.000000,5.5,1996,07
331,1996-06-01 00:00:00.000000,5.3,1996,06
332,1996-05-01 00:00:00.000000,5.6,1996,05
333,1996-04-01 00:00:00.000000,5.6,1996,04
334,1996-03-01 00:00:00.000000,5.5,1996,03
335,1996-02-01 00:00:00.000000,5.5,1996,02
336,1996-01-01 00:00:00.000000,5.6,1996,01
337,1995-12-01 00:00:00.000000,5.6,1995,12
338,1995-11-01 00:00:00.000000,5.6,1995,11
339,1995-10-01 00:00:00.000000,5.5,1995,10
340,1995-09-01 00:00:00.000000,5.6,1995,09
341,1995-08-01 00:00:00.000000,5.7,1995,08
342,1995-07-01 00:00:00.000000,5.7,1995,07
343,1995-06-01 00:00:00.000000,5.6,1995,06
344,1995-05-01 00:00:00.000000,5.6,1995,05
345,1995-04-01 00:00:00.000000,5.8,1995,04
346,1995-03-01 00:00:00.000000,5.4,1995,03
347,1995-02-01 00:00:00.000000,5.4,1995,02
348,1995-01-01 00:00:00.000000,5.6,1995,01
349,1994-12-01 00:00:00.000000,5.5,1994,12
350,1994-11-01 00:00:00.000000,5.6,1994,11
351,1994-10-01 00:00:00.000000,5.8,1994,10
352,1994-09-01 00:00:00.000000,5.9,1994,09
353,1994-08-01 00:00:00.000000,6.0,1994,08
354,1994-07-01 00:00:00.000000,6.1,1994,07
355,1994-06-01 00:00:00.000000,6.1,1994,06
356,1994-05-01 00:00:00.000000,6.1,1994,05
357,1994-04-01 00:00:00.000000,6.4,1994,04
358,1994-03-01 00:00:00.000000,6.5,1994,03
359,1994-02-01 00:00:00.000000,6.6,1994,02
360,1994-01-01 00:00:00.000000,6.6,1994,01
361,1993-12-01 00:00:00.000000,6.5,1993,12
362,1993-11-01 00:00:00.000000,6.6,1993,11
363,1993-10-01 00:00:00.000000,6.8,1993,10
364,1993-09-01 00:00:00.000000,6.7,1993,09
365,1993-08-01 00:00:00.000000,6.8,1993,08
366,1993-07-01 00:00:00.000000,6.9,1993,07
367,1993-06-01 00:00:00.000000,7.0,1993,06
368,1993-05-01 00:00:00.000000,7.1,1993,05
369,1993-04-01 00:00:00.000000,7.1,1993,04
370,1993-03-01 00:00:00.000000,7.0,1993,03
371,1993-02-01 00:00:00.000000,7.1,1993,02
372,1993-01-01 00:00:00.000000,7.3,1993,01
373,1992-12-01 00:00:00.000000,7.4,1992,12
374,1992-11-01 00:00:00.000000,7.4,1992,11
375,1992-10-01 00:00:00.000000,7.3,1992,10
376,1992-09-01 00:00:00.000000,7.6,1992,09
377,1992-08-01 00:00:00.000000,7.6,1992,08
378,1992-07-01 00:00:00.000000,7.7,1992,07
379,1992-06-01 00:00:00.000000,7.8,1992,06
380,1992-05-01 00:00:00.000000,7.6,1992,05
381,1992-04-01 00:00:00.000000,7.4,1992,04
382,1992-03-01 00:00:00.000000,7.4,1992,03
383,1992-02-01 00:00:00.000000,7.4,1992,02
384,1992-01-01 00:00:00.000000,7.3,1992,01
385,1991-12-01 00:00:00.000000,7.3,1991,12
386,1991-11-01 00:00:00.000000,7.0,1991,11
387,1991-10-01 00:00:00.000000,7.0,1991,10
388,1991-09-01 00:00:00.000000,6.9,1991,09
389,1991-08-01 00:00:00.000000,6.9,1991,08
390,1991-07-01 00:00:00.000000,6.8,1991,07
391,1991-06-01 00:00:00.000000,6.9,1991,06
392,1991-05-01 00:00:00.000000,6.9,1991,05
393,1991-04-01 00:00:00.000000,6.7,1991,04
394,1991-03-01 00:00:00.000000,6.8,1991,03
395,1991-02-01 00:00:00.000000,6.6,1991,02
396,1991-01-01 00:00:00.000000,6.4,1991,01
397,1990-12-01 00:00:00.000000,6.3,1990,12
398,1990-11-01 00:00:00.000000,6.2,1990,11
399,1990-10-01 00:00:00.000000,5.9,1990,10
400,1990-09-01 00:00:00.000000,5.9,1990,09
401,1990-08-01 00:00:00.000000,5.7,1990,08
402,1990-07-01 00:00:00.000000,5.5,1990,07
403,1990-06-01 00:00:00.000000,5.2,1990,06
404,1990-05-01 00:00:00.000000,5.4,1990,05
405,1990-04-01 00:00:00.000000,5.4,1990,04
406,1990-03-01 00:00:00.000000,5.2,1990,03
407,1990-02-01 00:00:00.000000,5.3,1990,02
408,1990-01-01 00:00:00.000000,5.4,1990,01
409,1989-12-01 00:00:00.000000,5.4,1989,12
410,1989-11-01 00:00:00.000000,5.4,1989,11
411,1989-10-01 00:00:00.000000,5.3,1989,10
412,1989-09-01 00:00:00.000000,5.3,1989,09
413,1989-08-01 00:00:00.000000,5.2,1989,08
414,1989-07-01 00:00:00.000000,5.2,1989,07
415,1989-06-01 00:00:00.000000,5.3,1989,06
416,1989-05-01 00:00:00.000000,5.2,1989,05
417,1989-04-01 00:00:00.000000,5.2,1989,04
418,1989-03-01 00:00:00.000000,5.0,1989,03
419,1989-02-01 00:00:00.000000,5.2,1989,02
420,1989-01-01 00:00:00.000000,5.4,1989,01
421,1988-12-01 00:00:00.000000,5.3,1988,12
422,1988-11-01 00:00:00.000000,5.3,1988,11
423,1988-10-01 00:00:00.000000,5.4,1988,10
424,1988-09-01 00:00:00.000000,5.4,1988,09
425,1988-08-01 00:00:00.000000,5.6,1988,08
426,1988-07-01 00:00:00.000000,5.4,1988,07
427,1988-06-01 00:00:00.000000,5.4,1988,06
428,1988-05-01 00:00:00.000000,5.6,1988,05
429,1988-04-01 00:00:00.000000,5.4,1988,04
430,1988-03-01 00:00:00.000000,5.7,1988,03
431,1988-02-01 00:00:00.000000,5.7,1988,02
432,1988-01-01 00:00:00.000000,5.7,1988,01
433,1987-12-01 00:00:00.000000,5.7,1987,12
434,1987-11-01 00:00:00.000000,5.8,1987,11
435,1987-10-01 00:00:00.000000,6.0,1987,10
436,1987-09-01 00:00:00.000000,5.9,1987,09
437,1987-08-01 00:00:00.000000,6.0,1987,08
438,1987-07-01 00:00:00.000000,6.1,1987,07
439,1987-06-01 00:00:00.000000,6.2,1987,06
440,1987-05-01 00:00:00.000000,6.3,1987,05
441,1987-04-01 00:00:00.000000,6.3,1987,04
442,1987-03-01 00:00:00.000000,6.6,1987,03
443,1987-02-01 00:00:00.000000,6.6,1987,02
444,1987-01-01 00:00:00.000000,6.6,1987,01
445,1986-12-01 00:00:00.000000,6.6,1986,12
446,1986-11-01 00:00:00.000000,6.9,1986,11
447,1986-10-01 00:00:00.000000,7.0,1986,10
448,1986-09-01 00:00:00.000000,7.0,1986,09
449,1986-08-01 00:00:00.000000,6.9,1986,08
450,1986-07-01 00:00:00.000000,7.0,1986,07
451,1986-06-01 00:00:00.000000,7.2,1986,06
452,1986-05-01 00:00:00.000000,7.2,1986,05
453,1986-04-01 00:00:00.000000,7.1,1986,04
454,1986-03-01 00:00:00.000000,7.2,1986,03
455,1986-02-01 00:00:00.000000,7.2,1986,02
456,1986-01-01 00:00:00.000000,6.7,1986,01
457,1985-12-01 00:00:00.000000,7.0,1985,12
458,1985-11-01 00:00:00.000000,7.0,1985,11
459,1985-10-01 00:00:00.000000,7.1,1985,10
460,1985-09-01 00:00:00.000000,7.1,1985,09
461,1985-08-01 00:00:00.000000,7.1,1985,08
462,1985-07-01 00:00:00.000000,7.4,1985,07
463,1985-06-01 00:00:00.000000,7.4,1985,06
464,1985-05-01 00:00:00.000000,7.2,1985,05
465,1985-04-01 00:00:00.000000,7.3,1985,04
466,1985-03-01 00:00:00.000000,7.2,1985,03
467,1985-02-01 00:00:00.000000,7.2,1985,02
468,1985-01-01 00:00:00.000000,7.3,1985,01
469,1984-12-01 00:00:00.000000,7.3,1984,12
470,1984-11-01 00:00:00.000000,7.2,1984,11
471,1984-10-01 00:00:00.000000,7.4,1984,10
472,1984-09-01 00:00:00.000000,7.3,1984,09
473,1984-08-01 00:00:00.000000,7.5,1984,08
474,1984-07-01 00:00:00.000000,7.5,1984,07
475,1984-06-01 00:00:00.000000,7.2,1984,06
476,1984-05-01 00:00:00.000000,7.4,1984,05
477,1984-04-01 00:00:00.000000,7.7,1984,04
478,1984-03-01 00:00:00.000000,7.8,1984,03
479,1984-02-01 00:00:00.000000,7.8,1984,02
480,1984-01-01 00:00:00.000000,8.0,1984,01
481,1983-12-01 00:00:00.000000,8.3,1983,12
482,1983-11-01 00:00:00.000000,8.5,1983,11
483,1983-10-01 00:00:00.000000,8.8,1983,10
484,1983-09-01 00:00:00.000000,9.2,1983,09
485,1983-08-01 00:00:00.000000,9.5,1983,08
486,1983-07-01 00:00:00.000000,9.4,1983,07
487,1983-06-01 00:00:00.000000,10.1,1983,06
488,1983-05-01 00:00:00.000000,10.1,1983,05
489,1983-04-01 00:00:00.000000,10.2,1983,04
490,1983-03-01 00:00:00.000000,10.3,1983,03
491,1983-02-01 00:00:00.000000,10.4,1983,02
492,1983-01-01 00:00:00.000000,10.4,1983,01
493,1982-12-01 00:00:00.000000,10.8,1982,12
494,1982-11-01 00:00:00.000000,10.8,1982,11
495,1982-10-01 00:00:00.000000,10.4,1982,10
496,1982-09-01 00:00:00.000000,10.1,1982,09
497,1982-08-01 00:00:00.000000,9.8,1982,08
498,1982-07-01 00:00:00.000000,9.8,1982,07
499,1982-06-01 00:00:00.000000,9.6,1982,06
500,1982-05-01 00:00:00.000000,9.4,1982,05
501,1982-04-01 00:00:00.000000,9.3,1982,04
502,1982-03-01 00:00:00.000000,9.0,1982,03
503,1982-02-01 00:00:00.000000,8.9,1982,02
504,1982-01-01 00:00:00.000000,8.6,1982,01
505,1981-12-01 00:00:00.000000,8.5,1981,12
506,1981-11-01 00:00:00.000000,8.3,1981,11
507,1981-10-01 00:00:00.000000,7.9,1981,10
508,1981-09-01 00:00:00.000000,7.6,1981,09
509,1981-08-01 00:00:00.000000,7.4,1981,08
510,1981-07-01 00:00:00.000000,7.2,1981,07
511,1981-06-01 00:00:00.000000,7.5,1981,06
512,1981-05-01 00:00:00.000000,7.5,1981,05
513,1981-04-01 00:00:00.000000,7.2,1981,04
514,1981-03-01 00:00:00.000000,7.4,1981,03
515,1981-02-01 00:00:00.000000,7.4,1981,02
516,1981-01-01 00:00:00.000000,7.5,1981,01
517,1980-12-01 00:00:00.000000,7.2,1980,12
518,1980-11-01 00:00:00.000000,7.5,1980,11
519,1980-10-01 00:00:00.000000,7.5,1980,10
520,1980-09-01 00:00:00.000000,7.5,1980,09
521,1980-08-01 00:00:00.000000,7.7,1980,08
522,1980-07-01 00:00:00.000000,7.8,1980,07
523,1980-06-01 00:00:00.000000,7.6,1980,06
524,1980-05-01 00:00:00.000000,7.5,1980,05
525,1980-04-01 00:00:00.000000,6.9,1980,04
526,1980-03-01 00:00:00.000000,6.3,1980,03
527,1980-02-01 00:00:00.000000,6.3,1980,02
528,1980-01-01 00:00:00.000000,6.3,1980,01
529,1979-12-01 00:00:00.000000,6.0,1979,12
530,1979-11-01 00:00:00.000000,5.9,1979,11
531,1979-10-01 00:00:00.000000,6.0,1979,10
532,1979-09-01 00:00:00.000000,5.9,1979,09
533,1979-08-01 00:00:00.000000,6.0,1979,08
534,1979-07-01 00:00:00.000000,5.7,1979,07
535,1979-06-01 00:00:00.000000,5.7,1979,06
536,1979-05-01 00:00:00.000000,5.6,1979,05
537,1979-04-01 00:00:00.000000,5.8,1979,04
538,1979-03-01 00:00:00.000000,5.8,1979,03
539,1979-02-01 00:00:00.000000,5.9,1979,02
540,1979-01-01 00:00:00.000000,5.9,1979,01
541,1978-12-01 00:00:00.000000,6.0,1978,12
542,1978-11-01 00:00:00.000000,5.9,1978,11
543,1978-10-01 00:00:00.000000,5.8,1978,10
544,1978-09-01 00:00:00.000000,6.0,1978,09
545,1978-08-01 00:00:00.000000,5.9,1978,08
546,1978-07-01 00:00:00.000000,6.2,1978,07
547,1978-06-01 00:00:00.000000,5.9,1978,06
548,1978-05-01 00:00:00.000000,6.0,1978,05
549,1978-04-01 00:00:00.000000,6.1,1978,04
550,1978-03-01 00:00:00.000000,6.3,1978,03
551,1978-02-01 00:00:00.000000,6.3,1978,02
552,1978-01-01 00:00:00.000000,6.4,1978,01
553,1977-12-01 00:00:00.000000,6.4,1977,12
554,1977-11-01 00:00:00.000000,6.8,1977,11
555,1977-10-01 00:00:00.000000,6.8,1977,10
556,1977-09-01 00:00:00.000000,6.8,1977,09
557,1977-08-01 00:00:00.000000,7.0,1977,08
558,1977-07-01 00:00:00.000000,6.9,1977,07
559,1977-06-01 00:00:00.000000,7.2,1977,06
560,1977-05-01 00:00:00.000000,7.0,1977,05
561,1977-04-01 00:00:00.000000,7.2,1977,04
562,1977-03-01 00:00:00.000000,7.4,1977,03
563,1977-02-01 00:00:00.000000,7.6,1977,02
564,1977-01-01 00:00:00.000000,7.5,1977,01
565,1976-12-01 00:00:00.000000,7.8,1976,12
566,1976-11-01 00:00:00.000000,7.8,1976,11
567,1976-10-01 00:00:00.000000,7.7,1976,10
568,1976-09-01 00:00:00.000000,7.6,1976,09
569,1976-08-01 00:00:00.000000,7.8,1976,08
570,1976-07-01 00:00:00.000000,7.8,1976,07
571,1976-06-01 00:00:00.000000,7.6,1976,06
572,1976-05-01 00:00:00.000000,7.4,1976,05
573,1976-04-01 00:00:00.000000,7.7,1976,04
574,1976-03-01 00:00:00.000000,7.6,1976,03
575,1976-02-01 00:00:00.000000,7.7,1976,02
576,1976-01-01 00:00:00.000000,7.9,1976,01
577,1975-12-01 00:00:00.000000,8.2,1975,12
578,1975-11-01 00:00:00.000000,8.3,1975,11
579,1975-10-01 00:00:00.000000,8.4,1975,10
580,1975-09-01 00:00:00.000000,8.4,1975,09
581,1975-08-01 00:00:00.000000,8.4,1975,08
582,1975-07-01 00:00:00.000000,8.6,1975,07
583,1975-06-01 00:00:00.000000,8.8,1975,06
584,1975-05-01 00:00:00.000000,9.0,1975,05
585,1975-04-01 00:00:00.000000,8.8,1975,04
586,1975-03-01 00:00:00.000000,8.6,1975,03
587,1975-02-01 00:00:00.000000,8.1,1975,02
588,1975-01-01 00:00:00.000000,8.1,1975,01
589,1974-12-01 00:00:00.000000,7.2,1974,12
590,1974-11-01 00:00:00.000000,6.6,1974,11
591,1974-10-01 00:00:00.000000,6.0,1974,10
592,1974-09-01 00:00:00.000000,5.9,1974,09
593,1974-08-01 00:00:00.000000,5.5,1974,08
594,1974-07-01 00:00:00.000000,5.5,1974,07
595,1974-06-01 00:00:00.000000,5.4,1974,06
596,1974-05-01 00:00:00.000000,5.1,1974,05
597,1974-04-01 00:00:00.000000,5.1,1974,04
598,1974-03-01 00:00:00.000000,5.1,1974,03
599,1974-02-01 00:00:00.000000,5.2,1974,02
600,1974-01-01 00:00:00.000000,5.1,1974,01
601,1973-12-01 00:00:00.000000,4.9,1973,12
602,1973-11-01 00:00:00.000000,4.8,1973,11
603,1973-10-01 00:00:00.000000,4.6,1973,10
604,1973-09-01 00:00:00.000000,4.8,1973,09
605,1973-08-01 00:00:00.000000,4.8,1973,08
606,1973-07-01 00:00:00.000000,4.8,1973,07
607,1973-06-01 00:00:00.000000,4.9,1973,06
608,1973-05-01 00:00:00.000000,4.9,1973,05
609,1973-04-01 00:00:00.000000,5.0,1973,04
610,1973-03-01 00:00:00.000000,4.9,1973,03
611,1973-02-01 00:00:00.000000,5.0,1973,02
612,1973-01-01 00:00:00.000000,4.9,1973,01
613,1972-12-01 00:00:00.000000,5.2,1972,12
614,1972-11-01 00:00:00.000000,5.3,1972,11
615,1972-10-01 00:00:00.000000,5.6,1972,10
616,1972-09-01 00:00:00.000000,5.5,1972,09
617,1972-08-01 00:00:00.000000,5.6,1972,08
618,1972-07-01 00:00:00.000000,5.6,1972,07
619,1972-06-01 00:00:00.000000,5.7,1972,06
620,1972-05-01 00:00:00.000000,5.7,1972,05
621,1972-04-01 00:00:00.000000,5.7,1972,04
622,1972-03-01 00:00:00.000000,5.8,1972,03
623,1972-02-01 00:00:00.000000,5.7,1972,02
624,1972-01-01 00:00:00.000000,5.8,1972,01
625,1971-12-01 00:00:00.000000,6.0,1971,12
626,1971-11-01 00:00:00.000000,6.0,1971,11
627,1971-10-01 00:00:00.000000,5.8,1971,10
628,1971-09-01 00:00:00.000000,6.0,1971,09
629,1971-08-01 00:00:00.000000,6.1,1971,08
630,1971-07-01 00:00:00.000000,6.0,1971,07
631,1971-06-01 00:00:00.000000,5.9,1971,06
632,1971-05-01 00:00:00.000000,5.9,1971,05
633,1971-04-01 00:00:00.000000,5.9,1971,04
634,1971-03-01 00:00:00.000000,6.0,1971,03
635,1971-02-01 00:00:00.000000,5.9,1971,02
636,1971-01-01 00:00:00.000000,5.9,1971,01
637,1970-12-01 00:00:00.000000,6.1,1970,12
638,1970-11-01 00:00:00.000000,5.9,1970,11
639,1970-10-01 00:00:00.000000,5.5,1970,10
640,1970-09-01 00:00:00.000000,5.4,1970,09
641,1970-08-01 00:00:00.000000,5.1,1970,08
642,1970-07-01 00:00:00.000000,5.0,1970,07
643,1970-06-01 00:00:00.000000,4.9,1970,06
644,1970-05-01 00:00:00.000000,4.8,1970,05
645,1970-04-01 00:00:00.000000,4.6,1970,04
646,1970-03-01 00:00:00.000000,4.4,1970,03
647,1970-02-01 00:00:00.000000,4.2,1970,02
648,1970-01-01 00:00:00.000000,3.9,1970,01
649,1969-12-01 00:00:00.000000,3.5,1969,12
650,1969-11-01 00:00:00.000000,3.5,1969,11
651,1969-10-01 00:00:00.000000,3.7,1969,10
652,1969-09-01 00:00:00.000000,3.7,1969,09
653,1969-08-01 00:00:00.000000,3.5,1969,08
654,1969-07-01 00:00:00.000000,3.5,1969,07
655,1969-06-01 00:00:00.000000,3.5,1969,06
656,1969-05-01 00:00:00.000000,3.4,1969,05
657,1969-04-01 00:00:00.000000,3.4,1969,04
658,1969-03-01 00:00:00.000000,3.4,1969,03
659,1969-02-01 00:00:00.000000,3.4,1969,02
660,1969-01-01 00:00:00.000000,3.4,1969,01
661,1968-12-01 00:00:00.000000,3.4,1968,12
662,1968-11-01 00:00:00.000000,3.4,1968,11
663,1968-10-01 00:00:00.000000,3.4,1968,10
664,1968-09-01 00:00:00.000000,3.4,1968,09
665,1968-08-01 00:00:00.000000,3.5,1968,08
666,1968-07-01 00:00:00.000000,3.7,1968,07
667,1968-06-01 00:00:00.000000,3.7,1968,06
668,1968-05-01 00:00:00.000000,3.5,1968,05
669,1968-04-01 00:00:00.000000,3.5,1968,04
670,1968-03-01 00:00:00.000000,3.7,1968,03
671,1968-02-01 00:00:00.000000,3.8,1968,02
672,1968-01-01 00:00:00.000000,3.7,1968,01
673,1967-12-01 00:00:00.000000,3.8,1967,12
674,1967-11-01 00:00:00.000000,3.9,1967,11
675,1967-10-01 00:00:00.000000,4.0,1967,10
676,1967-09-01 00:00:00.000000,3.8,1967,09
677,1967-08-01 00:00:00.000000,3.8,1967,08
678,1967-07-01 00:00:00.000000,3.8,1967,07
679,1967-06-01 00:00:00.000000,3.9,1967,06
680,1967-05-01 00:00:00.000000,3.8,1967,05
681,1967-04-01 00:00:00.000000,3.8,1967,04
682,1967-03-01 00:00:00.000000,3.8,1967,03
683,1967-02-01 00:00:00.000000,3.8,1967,02
684,1967-01-01 00:00:00.000000,3.9,1967,01
685,1966-12-01 00:00:00.000000,3.8,1966,12
686,1966-11-01 00:00:00.000000,3.6,1966,11
687,1966-10-01 00:00:00.000000,3.7,1966,10
688,1966-09-01 00:00:00.000000,3.7,1966,09
689,1966-08-01 00:00:00.000000,3.8,1966,08
690,1966-07-01 00:00:00.000000,3.8,1966,07
691,1966-06-01 00:00:00.000000,3.8,1966,06
692,1966-05-01 00:00:00.000000,3.9,1966,05
693,1966-04-01 00:00:00.000000,3.8,1966,04
694,1966-03-01 00:00:00.000000,3.8,1966,03
695,1966-02-01 00:00:00.000000,3.8,1966,02
696,1966-01-01 00:00:00.000000,4.0,1966,01
697,1965-12-01 00:00:00.000000,4.0,1965,12
698,1965-11-01 00:00:00.000000,4.1,1965,11
699,1965-10-01 00:00:00.000000,4.2,1965,10
700,1965-09-01 00:00:00.000000,4.3,1965,09
701,1965-08-01 00:00:00.000000,4.4,1965,08
702,1965-07-01 00:00:00.000000,4.4,1965,07
703,1965-06-01 00:00:00.000000,4.6,1965,06
704,1965-05-01 00:00:00.000000,4.6,1965,05
705,1965-04-01 00:00:00.000000,4.8,1965,04
706,1965-03-01 00:00:00.000000,4.7,1965,03
707,1965-02-01 00:00:00.000000,5.1,1965,02
708,1965-01-01 00:00:00.000000,4.9,1965,01
709,1964-12-01 00:00:00.000000,5.0,1964,12
710,1964-11-01 00:00:00.000000,4.8,1964,11
711,1964-10-01 00:00:00.000000,5.1,1964,10
712,1964-09-01 00:00:00.000000,5.1,1964,09
713,1964-08-01 00:00:00.000000,5.0,1964,08
714,1964-07-01 00:00:00.000000,4.9,1964,07
715,1964-06-01 00:00:00.000000,5.2,1964,06
716,1964-05-01 00:00:00.000000,5.1,1964,05
717,1964-04-01 00:00:00.000000,5.3,1964,04
718,1964-03-01 00:00:00.000000,5.4,1964,03
719,1964-02-01 00:00:00.000000,5.4,1964,02
720,1964-01-01 00:00:00.000000,5.6,1964,01
721,1963-12-01 00:00:00.000000,5.5,1963,12
722,1963-11-01 00:00:00.000000,5.7,1963,11
723,1963-10-01 00:00:00.000000,5.5,1963,10
724,1963-09-01 00:00:00.000000,5.5,1963,09
725,1963-08-01 00:00:00.000000,5.4,1963,08
726,1963-07-01 00:00:00.000000,5.6,1963,07
727,1963-06-01 00:00:00.000000,5.6,1963,06
728,1963-05-01 00:00:00.000000,5.9,1963,05
729,1963-04-01 00:00:00.000000,5.7,1963,04
730,1963-03-01 00:00:00.000000,5.7,1963,03
731,1963-02-01 00:00:00.000000,5.9,1963,02
732,1963-01-01 00:00:00.000000,5.7,1963,01
733,1962-12-01 00:00:00.000000,5.5,1962,12
734,1962-11-01 00:00:00.000000,5.7,1962,11
735,1962-10-01 00:00:00.000000,5.4,1962,10
736,1962-09-01 00:00:00.000000,5.6,1962,09
737,1962-08-01 00:00:00.000000,5.7,1962,08
738,1962-07-01 00:00:00.000000,5.4,1962,07
739,1962-06-01 00:00:00.000000,5.5,1962,06
740,1962-05-01 00:00:00.000000,5.5,1962,05
741,1962-04-01 00:00:00.000000,5.6,1962,04
742,1962-03-01 00:00:00.000000,5.6,1962,03
743,1962-02-01 00:00:00.000000,5.5,1962,02
744,1962-01-01 00:00:00.000000,5.8,1962,01
745,1961-12-01 00:00:00.000000,6.0,1961,12
746,1961-11-01 00:00:00.000000,6.1,1961,11
747,1961-10-01 00:00:00.000000,6.5,1961,10
748,1961-09-01 00:00:00.000000,6.7,1961,09
749,1961-08-01 00:00:00.000000,6.6,1961,08
750,1961-07-01 00:00:00.000000,7.0,1961,07
751,1961-06-01 00:00:00.000000,6.9,1961,06
752,1961-05-01 00:00:00.000000,7.1,1961,05
753,1961-04-01 00:00:00.000000,7.0,1961,04
754,1961-03-01 00:00:00.000000,6.9,1961,03
755,1961-02-01 00:00:00.000000,6.9,1961,02
756,1961-01-01 00:00:00.000000,6.6,1961,01
757,1960-12-01 00:00:00.000000,6.6,1960,12
758,1960-11-01 00:00:00.000000,6.1,1960,11
759,1960-10-01 00:00:00.000000,6.1,1960,10
760,1960-09-01 00:00:00.000000,5.5,1960,09
761,1960-08-01 00:00:00.000000,5.6,1960,08
762,1960-07-01 00:00:00.000000,5.5,1960,07
763,1960-06-01 00:00:00.000000,5.4,1960,06
764,1960-05-01 00:00:00.000000,5.1,1960,05
765,1960-04-01 00:00:00.000000,5.2,1960,04
766,1960-03-01 00:00:00.000000,5.4,1960,03
767,1960-02-01 00:00:00.000000,4.8,1960,02
768,1960-01-01 00:00:00.000000,5.2,1960,01
769,1959-12-01 00:00:00.000000,5.3,1959,12
770,1959-11-01 00:00:00.000000,5.8,1959,11
771,1959-10-01 00:00:00.000000,5.7,1959,10
772,1959-09-01 00:00:00.000000,5.5,1959,09
773,1959-08-01 00:00:00.000000,5.2,1959,08
774,1959-07-01 00:00:00.000000,5.1,1959,07
775,1959-06-01 00:00:00.000000,5.0,1959,06
776,1959-05-01 00:00:00.000000,5.1,1959,05
777,1959-04-01 00:00:00.000000,5.2,1959,04
778,1959-03-01 00:00:00.000000,5.6,1959,03
779,1959-02-01 00:00:00.000000,5.9,1959,02
780,1959-01-01 00:00:00.000000,6.0,1959,01
781,1958-12-01 00:00:00.000000,6.2,1958,12
782,1958-11-01 00:00:00.000000,6.2,1958,11
783,1958-10-01 00:00:00.000000,6.7,1958,10
784,1958-09-01 00:00:00.000000,7.1,1958,09
785,1958-08-01 00:00:00.000000,7.4,1958,08
786,1958-07-01 00:00:00.000000,7.5,1958,07
787,1958-06-01 00:00:00.000000,7.3,1958,06
788,1958-05-01 00:00:00.000000,7.4,1958,05
789,1958-04-01 00:00:00.000000,7.4,1958,04
790,1958-03-01 00:00:00.000000,6.7,1958,03
791,1958-02-01 00:00:00.000000,6.4,1958,02
792,1958-01-01 00:00:00.000000,5.8,1958,01
793,1957-12-01 00:00:00.000000,5.2,1957,12
794,1957-11-01 00:00:00.000000,5.1,1957,11
795,1957-10-01 00:00:00.000000,4.5,1957,10
796,1957-09-01 00:00:00.000000,4.4,1957,09
797,1957-08-01 00:00:00.000000,4.1,1957,08
798,1957-07-01 00:00:00.000000,4.2,1957,07
799,1957-06-01 00:00:00.000000,4.3,1957,06
800,1957-05-01 00:00:00.000000,4.1,1957,05
801,1957-04-01 00:00:00.000000,3.9,1957,04
802,1957-03-01 00:00:00.000000,3.7,1957,03
803,1957-02-01 00:00:00.000000,3.9,1957,02
804,1957-01-01 00:00:00.000000,4.2,1957,01
805,1956-12-01 00:00:00.000000,4.2,1956,12
806,1956-11-01 00:00:00.000000,4.3,1956,11
807,1956-10-01 00:00:00.000000,3.9,1956,10
808,1956-09-01 00:00:00.000000,3.9,1956,09
809,1956-08-01 00:00:00.000000,4.1,1956,08
810,1956-07-01 00:00:00.000000,4.4,1956,07
811,1956-06-01 00:00:00.000000,4.3,1956,06
812,1956-05-01 00:00:00.000000,4.3,1956,05
813,1956-04-01 00:00:00.000000,4.0,1956,04
814,1956-03-01 00:00:00.000000,4.2,1956,03
815,1956-02-01 00:00:00.000000,3.9,1956,02
816,1956-01-01 00:00:00.000000,4.0,1956,01
817,1955-12-01 00:00:00.000000,4.2,1955,12
818,1955-11-01 00:00:00.000000,4.2,1955,11
819,1955-10-01 00:00:00.000000,4.3,1955,10
820,1955-09-01 00:00:00.000000,4.1,1955,09
821,1955-08-01 00:00:00.000000,4.2,1955,08
822,1955-07-01 00:00:00.000000,4.0,1955,07
823,1955-06-01 00:00:00.000000,4.2,1955,06
824,1955-05-01 00:00:00.000000,4.3,1955,05
825,1955-04-01 00:00:00.000000,4.7,1955,04
826,1955-03-01 00:00:00.000000,4.6,1955,03
827,1955-02-01 00:00:00.000000,4.7,1955,02
828,1955-01-01 00:00:00.000000,4.9,1955,01
829,1954-12-01 00:00:00.000000,5.0,1954,12
830,1954-11-01 00:00:00.000000,5.3,1954,11
831,1954-10-01 00:00:00.000000,5.7,1954,10
832,1954-09-01 00:00:00.000000,6.1,1954,09
833,1954-08-01 00:00:00.000000,6.0,1954,08
834,1954-07-01 00:00:00.000000,5.8,1954,07
835,1954-06-01 00:00:00.000000,5.6,1954,06
836,1954-05-01 00:00:00.000000,5.9,1954,05
837,1954-04-01 00:00:00.000000,5.9,1954,04
838,1954-03-01 00:00:00.000000,5.7,1954,03
839,1954-02-01 00:00:00.000000,5.2,1954,02
840,1954-01-01 00:00:00.000000,4.9,1954,01
841,1953-12-01 00:00:00.000000,4.5,1953,12
842,1953-11-01 00:00:00.000000,3.5,1953,11
843,1953-10-01 00:00:00.000000,3.1,1953,10
844,1953-09-01 00:00:00.000000,2.9,1953,09
845,1953-08-01 00:00:00.000000,2.7,1953,08
846,1953-07-01 00:00:00.000000,2.6,1953,07
847,1953-06-01 00:00:00.000000,2.5,1953,06
848,1953-05-01 00:00:00.000000,2.5,1953,05
849,1953-04-01 00:00:00.000000,2.7,1953,04
850,1953-03-01 00:00:00.000000,2.6,1953,03
851,1953-02-01 00:00:00.000000,2.6,1953,02
852,1953-01-01 00:00:00.000000,2.9,1953,01
853,1952-12-01 00:00:00.000000,2.7,1952,12
854,1952-11-01 00:00:00.000000,2.8,1952,11
855,1952-10-01 00:00:00.000000,3.0,1952,10
856,1952-09-01 00:00:00.000000,3.1,1952,09
857,1952-08-01 00:00:00.000000,3.4,1952,08
858,1952-07-01 00:00:00.000000,3.2,1952,07
859,1952-06-01 00:00:00.000000,3.0,1952,06
860,1952-05-01 00:00:00.000000,3.0,1952,05
861,1952-04-01 00:00:00.000000,2.9,1952,04
862,1952-03-01 00:00:00.000000,2.9,1952,03
863,1952-02-01 00:00:00.000000,3.1,1952,02
864,1952-01-01 00:00:00.000000,3.2,1952,01
865,1951-12-01 00:00:00.000000,3.1,1951,12
866,1951-11-01 00:00:00.000000,3.5,1951,11
867,1951-10-01 00:00:00.000000,3.5,1951,10
868,1951-09-01 00:00:00.000000,3.3,1951,09
869,1951-08-01 00:00:00.000000,3.1,1951,08
870,1951-07-01 00:00:00.000000,3.1,1951,07
871,1951-06-01 00:00:00.000000,3.2,1951,06
872,1951-05-01 00:00:00.000000,3.0,1951,05
873,1951-04-01 00:00:00.000000,3.1,1951,04
874,1951-03-01 00:00:00.000000,3.4,1951,03
875,1951-02-01 00:00:00.000000,3.4,1951,02
876,1951-01-01 00:00:00.000000,3.7,1951,01
877,1950-12-01 00:00:00.000000,4.3,1950,12
878,1950-11-01 00:00:00.000000,4.2,1950,11
879,1950-10-01 00:00:00.000000,4.2,1950,10
880,1950-09-01 00:00:00.000000,4.4,1950,09
881,1950-08-01 00:00:00.000000,4.5,1950,08
882,1950-07-01 00:00:00.000000,5.0,1950,07
883,1950-06-01 00:00:00.000000,5.4,1950,06
884,1950-05-01 00:00:00.000000,5.5,1950,05
885,1950-04-01 00:00:00.000000,5.8,1950,04
886,1950-03-01 00:00:00.000000,6.3,1950,03
887,1950-02-01 00:00:00.000000,6.4,1950,02
888,1950-01-01 00:00:00.000000,6.5,1950,01
889,1949-12-01 00:00:00.000000,6.6,1949,12
890,1949-11-01 00:00:00.000000,6.4,1949,11
891,1949-10-01 00:00:00.000000,7.9,1949,10
892,1949-09-01 00:00:00.000000,6.6,1949,09
893,1949-08-01 00:00:00.000000,6.8,1949,08
894,1949-07-01 00:00:00.000000,6.7,1949,07
895,1949-06-01 00:00:00.000000,6.2,1949,06
896,1949-05-01 00:00:00.000000,6.1,1949,05
897,1949-04-01 00:00:00.000000,5.3,1949,04
898,1949-03-01 00:00:00.000000,5.0,1949,03
899,1949-02-01 00:00:00.000000,4.7,1949,02
900,1949-01-01 00:00:00.000000,4.3,1949,01
901,1948-12-01 00:00:00.000000,4.0,1948,12
902,1948-11-01 00:00:00.000000,3.8,1948,11
903,1948-10-01 00:00:00.000000,3.7,1948,10
904,1948-09-01 00:00:00.000000,3.8,1948,09
905,1948-08-01 00:00:00.000000,3.9,1948,08
906,1948-07-01 00:00:00.000000,3.6,1948,07
907,1948-06-01 00:00:00.000000,3.6,1948,06
908,1948-05-01 00:00:00.000000,3.5,1948,05
909,1948-04-01 00:00:00.000000,3.9,1948,04
910,1948-03-01 00:00:00.000000,4.0,1948,03
911,1948-02-01 00:00:00.000000,3.8,1948,02
912,1948-01-01 00:00:00.000000,3.4,1948,01
